[Mon, 18 Dec 2023 21:37:30 -0600] [loadStagesData] Fatal error: Cannot load stages.lua (/root/canary/data/stages.lua).
[Mon, 18 Dec 2023 21:38:44 -0600] [load_config_file] Fatal error: Cannot load config.lua (/root/canary/config.lua).
[Sat, 23 Dec 2023 21:16:36 -0600] [loadStagesData] Fatal error: Cannot load stages.lua (/root/canary/data/stages.lua).
[Sat, 23 Dec 2023 21:16:36 -0600] [loadStagesData] Fatal error: Cannot load stages.lua (/root/canary/data/stages.lua).
[Sat, 23 Dec 2023 21:16:36 -0600] [loadStagesData] Fatal error: Cannot load stages.lua (/root/canary/data/stages.lua).
[Sat, 23 Dec 2023 21:16:49 -0600] [loadStagesData] Fatal error: Cannot load stages.lua (/root/canary/data/stages.lua).
[Sat, 23 Dec 2023 21:16:49 -0600] [loadStagesData] Fatal error: Cannot load stages.lua (/root/canary/data/stages.lua).
[Sat, 23 Dec 2023 21:16:49 -0600] [loadStagesData] Fatal error: Cannot load stages.lua (/root/canary/data/stages.lua).
[Sat, 23 Dec 2023 21:16:49 -0600] [loadStagesData] Fatal error: Cannot load stages.lua (/root/canary/data/stages.lua).
[Sat, 23 Dec 2023 21:16:49 -0600] [loadStagesData] Fatal error: Cannot load stages.lua (/root/canary/data/stages.lua).
[Sat, 23 Dec 2023 21:16:49 -0600] [loadStagesData] Fatal error: Cannot load stages.lua (/root/canary/data/stages.lua).
[Sat, 23 Dec 2023 21:16:49 -0600] [loadStagesData] Fatal error: Cannot load stages.lua (/root/canary/data/stages.lua).
[Sat, 23 Dec 2023 21:16:49 -0600] [loadStagesData] Fatal error: Cannot load stages.lua (/root/canary/data/stages.lua).
[Sat, 23 Dec 2023 21:16:49 -0600] [loadStagesData] Fatal error: Cannot load stages.lua (/root/canary/data/stages.lua).
[Sat, 23 Dec 2023 21:17:04 -0600] [loadStagesData] Fatal error: Cannot load stages.lua (/root/canary/data/stages.lua).
[Sat, 23 Dec 2023 21:17:04 -0600] [loadStagesData] Fatal error: Cannot load stages.lua (/root/canary/data/stages.lua).
[Sat, 23 Dec 2023 21:17:04 -0600] [loadStagesData] Fatal error: Cannot load stages.lua (/root/canary/data/stages.lua).
[Sat, 23 Dec 2023 21:17:19 -0600] [loadStagesData] Fatal error: Cannot load stages.lua (/root/canary/data/stages.lua).
[Sat, 23 Dec 2023 21:17:19 -0600] [loadStagesData] Fatal error: Cannot load stages.lua (/root/canary/data/stages.lua).
[Sat, 23 Dec 2023 21:17:19 -0600] [loadStagesData] Fatal error: Cannot load stages.lua (/root/canary/data/stages.lua).
[Sat, 23 Dec 2023 21:17:20 -0600] [loadStagesData] Fatal error: Cannot load stages.lua (/root/canary/data/stages.lua).
[Sat, 23 Dec 2023 21:17:20 -0600] [loadStagesData] Fatal error: Cannot load stages.lua (/root/canary/data/stages.lua).
[Sat, 23 Dec 2023 21:17:20 -0600] [loadStagesData] Fatal error: Cannot load stages.lua (/root/canary/data/stages.lua).
[Sat, 23 Dec 2023 21:17:23 -0600] [loadStagesData] Fatal error: Cannot load stages.lua (/root/canary/data/stages.lua).
[Sat, 23 Dec 2023 21:17:23 -0600] [loadStagesData] Fatal error: Cannot load stages.lua (/root/canary/data/stages.lua).
[Sat, 23 Dec 2023 21:17:24 -0600] [loadStagesData] Fatal error: Cannot load stages.lua (/root/canary/data/stages.lua).
[Sat, 23 Dec 2023 21:17:26 -0600] [loadStagesData] Fatal error: Cannot load stages.lua (/root/canary/data/stages.lua).
[Sat, 23 Dec 2023 21:17:28 -0600] [loadStagesData] Fatal error: Cannot load stages.lua (/root/canary/data/stages.lua).
[Sat, 23 Dec 2023 21:17:30 -0600] [loadStagesData] Fatal error: Cannot load stages.lua (/root/canary/data/stages.lua).
[Sat, 23 Dec 2023 21:17:30 -0600] [loadStagesData] Fatal error: Cannot load stages.lua (/root/canary/data/stages.lua).
[Sat, 23 Dec 2023 21:17:30 -0600] [loadStagesData] Fatal error: Cannot load stages.lua (/root/canary/data/stages.lua).
[Sat, 23 Dec 2023 21:17:31 -0600] [loadStagesData] Fatal error: Cannot load stages.lua (/root/canary/data/stages.lua).
[Sat, 23 Dec 2023 21:17:31 -0600] [loadStagesData] Fatal error: Cannot load stages.lua (/root/canary/data/stages.lua).
[Sat, 23 Dec 2023 21:17:31 -0600] [loadStagesData] Fatal error: Cannot load stages.lua (/root/canary/data/stages.lua).
[Sat, 23 Dec 2023 21:17:33 -0600] [loadStagesData] Fatal error: Cannot load stages.lua (/root/canary/data/stages.lua).
[Sat, 23 Dec 2023 21:17:33 -0600] [loadStagesData] Fatal error: Cannot load stages.lua (/root/canary/data/stages.lua).
[Sat, 23 Dec 2023 21:17:36 -0600] [loadStagesData] Fatal error: Cannot load stages.lua (/root/canary/data/stages.lua).
[Sat, 23 Dec 2023 21:17:36 -0600] [loadStagesData] Fatal error: Cannot load stages.lua (/root/canary/data/stages.lua).
[Sat, 23 Dec 2023 21:17:36 -0600] [loadStagesData] Fatal error: Cannot load stages.lua (/root/canary/data/stages.lua).
[Sat, 23 Dec 2023 21:17:37 -0600] [loadStagesData] Fatal error: Cannot load stages.lua (/root/canary/data/stages.lua).
[Sat, 23 Dec 2023 21:17:37 -0600] [loadStagesData] Fatal error: Cannot load stages.lua (/root/canary/data/stages.lua).
[Sat, 23 Dec 2023 21:17:37 -0600] [loadStagesData] Fatal error: Cannot load stages.lua (/root/canary/data/stages.lua).
[Sat, 23 Dec 2023 21:17:37 -0600] [loadStagesData] Fatal error: Cannot load stages.lua (/root/canary/data/stages.lua).
[Sat, 23 Dec 2023 21:17:52 -0600] [load_config_file] Fatal error: Cannot load config.lua (/root/canary/config.lua).
[Sat, 23 Dec 2023 21:17:52 -0600] [load_config_file] Fatal error: Cannot load config.lua (/root/canary/config.lua).
[Sat, 23 Dec 2023 21:17:52 -0600] [load_config_file] Fatal error: Cannot load config.lua (/root/canary/config.lua).
[Sat, 23 Dec 2023 21:18:08 -0600] [load_config_file] Fatal error: Cannot load config.lua (/root/canary/config.lua).
[Sat, 23 Dec 2023 21:18:08 -0600] [load_config_file] Fatal error: Cannot load config.lua (/root/canary/config.lua).
[Sat, 23 Dec 2023 21:18:08 -0600] [load_config_file] Fatal error: Cannot load config.lua (/root/canary/config.lua).
[Sat, 23 Dec 2023 21:18:08 -0600] [load_config_file] Fatal error: Cannot load config.lua (/root/canary/config.lua).
[Sat, 23 Dec 2023 21:18:08 -0600] [load_config_file] Fatal error: Cannot load config.lua (/root/canary/config.lua).
[Sat, 23 Dec 2023 21:18:08 -0600] [load_config_file] Fatal error: Cannot load config.lua (/root/canary/config.lua).
[Sat, 23 Dec 2023 21:18:50 -0600] [load_config_file] Fatal error: Cannot load config.lua (/root/canary/config.lua).
[Sat, 23 Dec 2023 21:19:05 -0600] [load_config_file] Fatal error: Cannot load config.lua (/root/canary/config.lua).
[Sat, 23 Dec 2023 21:19:08 -0600] [load_config_file] Fatal error: Cannot load config.lua (/root/canary/config.lua).
[Sat, 23 Dec 2023 21:19:08 -0600] [load_config_file] Fatal error: Cannot load config.lua (/root/canary/config.lua).
[Sat, 23 Dec 2023 21:19:08 -0600] [load_config_file] Fatal error: Cannot load config.lua (/root/canary/config.lua).
[Sat, 23 Dec 2023 21:19:16 -0600] [load_config_file] Fatal error: Cannot load config.lua (/root/canary/config.lua).
[Sat, 23 Dec 2023 21:19:19 -0600] [load_config_file] Fatal error: Cannot load config.lua (/root/canary/config.lua).
[Sat, 23 Dec 2023 21:19:19 -0600] [load_config_file] Fatal error: Cannot load config.lua (/root/canary/config.lua).
[Sat, 23 Dec 2023 21:19:19 -0600] [load_config_file] Fatal error: Cannot load config.lua (/root/canary/config.lua).
[Sat, 23 Dec 2023 21:23:43 -0600] [load_config_file] Fatal error: Cannot load config.lua (/root/canary/config.lua).
[Sat, 23 Dec 2023 21:23:45 -0600] [load_config_file] Fatal error: Cannot load config.lua (/root/canary/config.lua).
[Sat, 23 Dec 2023 21:23:45 -0600] [load_config_file] Fatal error: Cannot load config.lua (/root/canary/config.lua).
[Sat, 23 Dec 2023 21:23:45 -0600] [load_config_file] Fatal error: Cannot load config.lua (/root/canary/config.lua).
[Sat, 23 Dec 2023 21:23:57 -0600] [load_config_file] Fatal error: Cannot load config.lua (/root/canary/config.lua).
[Sat, 23 Dec 2023 21:23:58 -0600] [load_config_file] Fatal error: Cannot load config.lua (/root/canary/config.lua).
[Sat, 23 Dec 2023 21:23:58 -0600] [load_config_file] Fatal error: Cannot load config.lua (/root/canary/config.lua).
[Sat, 23 Dec 2023 21:23:58 -0600] [load_config_file] Fatal error: Cannot load config.lua (/root/canary/config.lua).
[Sat, 23 Dec 2023 21:24:04 -0600] [load_config_file] Fatal error: Cannot load config.lua (/root/canary/config.lua).
[Sat, 23 Dec 2023 21:24:12 -0600] [load_config_file] Fatal error: Cannot load config.lua (/root/canary/config.lua).
[Sat, 23 Dec 2023 21:24:12 -0600] [load_config_file] Fatal error: Cannot load config.lua (/root/canary/config.lua).
[Sat, 23 Dec 2023 21:24:12 -0600] [load_config_file] Fatal error: Cannot load config.lua (/root/canary/config.lua).
[Sat, 23 Dec 2023 21:24:12 -0600] [load_config_file] Fatal error: Cannot load config.lua (/root/canary/config.lua).
[Sat, 23 Dec 2023 21:24:12 -0600] [load_config_file] Fatal error: Cannot load config.lua (/root/canary/config.lua).
[Sat, 23 Dec 2023 21:24:12 -0600] [load_config_file] Fatal error: Cannot load config.lua (/root/canary/config.lua).
[Sat, 23 Dec 2023 21:24:25 -0600] [load_config_file] Fatal error: Cannot load config.lua (/root/canary/config.lua).
[Sat, 23 Dec 2023 21:24:25 -0600] [load_config_file] Fatal error: Cannot load config.lua (/root/canary/config.lua).
[Sat, 23 Dec 2023 21:24:25 -0600] [load_config_file] Fatal error: Cannot load config.lua (/root/canary/config.lua).
[Sat, 23 Dec 2023 21:24:28 -0600] [load_config_file] Fatal error: Cannot load config.lua (/root/canary/config.lua).
[Sat, 23 Dec 2023 21:24:28 -0600] [load_config_file] Fatal error: Cannot load config.lua (/root/canary/config.lua).
[Sat, 23 Dec 2023 21:24:28 -0600] [load_config_file] Fatal error: Cannot load config.lua (/root/canary/config.lua).
[Sat, 23 Dec 2023 21:24:39 -0600] [load_config_file] Fatal error: Cannot load config.lua (/root/canary/config.lua).
[Sat, 23 Dec 2023 21:24:39 -0600] [load_config_file] Fatal error: Cannot load config.lua (/root/canary/config.lua).
[Sat, 23 Dec 2023 21:24:39 -0600] [load_config_file] Fatal error: Cannot load config.lua (/root/canary/config.lua).
[Sat, 23 Dec 2023 21:24:44 -0600] [load_config_file] Fatal error: Cannot load config.lua (/root/canary/config.lua).
[Sat, 23 Dec 2023 21:24:44 -0600] [load_config_file] Fatal error: Cannot load config.lua (/root/canary/config.lua).
[Sat, 23 Dec 2023 21:24:44 -0600] [load_config_file] Fatal error: Cannot load config.lua (/root/canary/config.lua).
[Sat, 23 Dec 2023 21:24:46 -0600] [load_config_file] Fatal error: Cannot load config.lua (/root/canary/config.lua).
[Sat, 23 Dec 2023 21:24:46 -0600] [load_config_file] Fatal error: Cannot load config.lua (/root/canary/config.lua).
[Sat, 23 Dec 2023 21:24:46 -0600] [load_config_file] Fatal error: Cannot load config.lua (/root/canary/config.lua).
[Sat, 23 Dec 2023 21:24:52 -0600] [load_config_file] Fatal error: Cannot load config.lua (/root/canary/config.lua).
[Sat, 23 Dec 2023 21:24:52 -0600] [load_config_file] Fatal error: Cannot load config.lua (/root/canary/config.lua).
[Sat, 23 Dec 2023 21:24:52 -0600] [load_config_file] Fatal error: Cannot load config.lua (/root/canary/config.lua).
[Sat, 23 Dec 2023 21:24:57 -0600] [load_config_file] Fatal error: Cannot load config.lua (/root/canary/config.lua).
[Sat, 23 Dec 2023 21:24:57 -0600] [load_config_file] Fatal error: Cannot load config.lua (/root/canary/config.lua).
[Sat, 23 Dec 2023 21:24:57 -0600] [load_config_file] Fatal error: Cannot load config.lua (/root/canary/config.lua).
[Sat, 23 Dec 2023 21:24:59 -0600] [load_config_file] Fatal error: Cannot load config.lua (/root/canary/config.lua).
[Sat, 23 Dec 2023 21:24:59 -0600] [load_config_file] Fatal error: Cannot load config.lua (/root/canary/config.lua).
[Sat, 23 Dec 2023 21:24:59 -0600] [load_config_file] Fatal error: Cannot load config.lua (/root/canary/config.lua).
[Sat, 23 Dec 2023 21:25:10 -0600] [load_config_file] Fatal error: Cannot load config.lua (/root/canary/config.lua).
[Sat, 23 Dec 2023 21:25:12 -0600] [load_config_file] Fatal error: Cannot load config.lua (/root/canary/config.lua).
[Sat, 23 Dec 2023 21:25:12 -0600] [load_config_file] Fatal error: Cannot load config.lua (/root/canary/config.lua).
[Sat, 23 Dec 2023 21:25:12 -0600] [load_config_file] Fatal error: Cannot load config.lua (/root/canary/config.lua).
[Sat, 23 Dec 2023 21:25:15 -0600] [load_config_file] Fatal error: Cannot load config.lua (/root/canary/config.lua).
[Sat, 23 Dec 2023 21:25:15 -0600] [load_config_file] Fatal error: Cannot load config.lua (/root/canary/config.lua).
[Sat, 23 Dec 2023 21:25:15 -0600] [load_config_file] Fatal error: Cannot load config.lua (/root/canary/config.lua).
[Sat, 23 Dec 2023 21:25:17 -0600] [load_config_file] Fatal error: Cannot load config.lua (/root/canary/config.lua).
[Sat, 23 Dec 2023 21:25:17 -0600] [load_config_file] Fatal error: Cannot load config.lua (/root/canary/config.lua).
[Sat, 23 Dec 2023 21:25:17 -0600] [load_config_file] Fatal error: Cannot load config.lua (/root/canary/config.lua).
[Sat, 23 Dec 2023 21:25:17 -0600] [load_config_file] Fatal error: Cannot load config.lua (/root/canary/config.lua).
[Sat, 23 Dec 2023 21:25:17 -0600] [load_config_file] Fatal error: Cannot load config.lua (/root/canary/config.lua).
[Sat, 23 Dec 2023 21:25:17 -0600] [load_config_file] Fatal error: Cannot load config.lua (/root/canary/config.lua).
[Sat, 23 Dec 2023 21:25:20 -0600] [load_config_file] Fatal error: Cannot load config.lua (/root/canary/config.lua).
[Sat, 23 Dec 2023 21:25:26 -0600] [load_config_file] Fatal error: Cannot load config.lua (/root/canary/config.lua).
[Sat, 23 Dec 2023 21:25:26 -0600] [load_config_file] Fatal error: Cannot load config.lua (/root/canary/config.lua).
[Sat, 23 Dec 2023 21:25:26 -0600] [load_config_file] Fatal error: Cannot load config.lua (/root/canary/config.lua).
[Sat, 23 Dec 2023 21:25:27 -0600] [load_config_file] Fatal error: Cannot load config.lua (/root/canary/config.lua).
[Sat, 23 Dec 2023 21:25:27 -0600] [load_config_file] Fatal error: Cannot load config.lua (/root/canary/config.lua).
[Sat, 23 Dec 2023 21:25:27 -0600] [load_config_file] Fatal error: Cannot load config.lua (/root/canary/config.lua).
[Sat, 23 Dec 2023 21:25:29 -0600] [load_config_file] Fatal error: Cannot load config.lua (/root/canary/config.lua).
[Sat, 23 Dec 2023 21:25:29 -0600] [load_config_file] Fatal error: Cannot load config.lua (/root/canary/config.lua).
[Sat, 23 Dec 2023 21:25:29 -0600] [load_config_file] Fatal error: Cannot load config.lua (/root/canary/config.lua).
[Sat, 23 Dec 2023 21:25:41 -0600] [load_config_file] Fatal error: Cannot load config.lua (/root/canary/config.lua).
[Sat, 23 Dec 2023 21:25:41 -0600] [load_config_file] Fatal error: Cannot load config.lua (/root/canary/config.lua).
[Sat, 23 Dec 2023 21:25:41 -0600] [load_config_file] Fatal error: Cannot load config.lua (/root/canary/config.lua).
[Sat, 23 Dec 2023 21:25:47 -0600] [load_config_file] Fatal error: Cannot load config.lua (/root/canary/config.lua).
[Sat, 23 Dec 2023 21:25:47 -0600] [load_config_file] Fatal error: Cannot load config.lua (/root/canary/config.lua).
[Sat, 23 Dec 2023 21:25:47 -0600] [load_config_file] Fatal error: Cannot load config.lua (/root/canary/config.lua).
[Sat, 23 Dec 2023 21:25:50 -0600] [load_config_file] Fatal error: Cannot load config.lua (/root/canary/config.lua).
[Sat, 23 Dec 2023 21:25:50 -0600] [load_config_file] Fatal error: Cannot load config.lua (/root/canary/config.lua).
[Sat, 23 Dec 2023 21:25:50 -0600] [load_config_file] Fatal error: Cannot load config.lua (/root/canary/config.lua).
[Sat, 23 Dec 2023 21:25:52 -0600] [load_config_file] Fatal error: Cannot load config.lua (/root/canary/config.lua).
[Sat, 23 Dec 2023 21:25:52 -0600] [load_config_file] Fatal error: Cannot load config.lua (/root/canary/config.lua).
[Sat, 23 Dec 2023 21:25:52 -0600] [load_config_file] Fatal error: Cannot load config.lua (/root/canary/config.lua).
[Sat, 23 Dec 2023 21:26:01 -0600] [load_config_file] Fatal error: Cannot load config.lua (/root/canary/config.lua).
[Sat, 23 Dec 2023 21:26:01 -0600] [load_config_file] Fatal error: Cannot load config.lua (/root/canary/config.lua).
[Sat, 23 Dec 2023 21:26:01 -0600] [load_config_file] Fatal error: Cannot load config.lua (/root/canary/config.lua).
[Sat, 23 Dec 2023 21:26:02 -0600] [load_config_file] Fatal error: Cannot load config.lua (/root/canary/config.lua).
[Sat, 23 Dec 2023 21:26:02 -0600] [load_config_file] Fatal error: Cannot load config.lua (/root/canary/config.lua).
[Sat, 23 Dec 2023 21:26:02 -0600] [load_config_file] Fatal error: Cannot load config.lua (/root/canary/config.lua).
[Sat, 23 Dec 2023 21:26:05 -0600] [load_config_file] Fatal error: Cannot load config.lua (/root/canary/config.lua).
[Sat, 23 Dec 2023 21:26:05 -0600] [load_config_file] Fatal error: Cannot load config.lua (/root/canary/config.lua).
[Sat, 23 Dec 2023 21:26:05 -0600] [load_config_file] Fatal error: Cannot load config.lua (/root/canary/config.lua).
[Sat, 23 Dec 2023 21:26:08 -0600] [load_config_file] Fatal error: Cannot load config.lua (/root/canary/config.lua).
[Sat, 23 Dec 2023 21:26:13 -0600] [load_config_file] Fatal error: Cannot load config.lua (/root/canary/config.lua).
[Sat, 23 Dec 2023 21:26:13 -0600] [load_config_file] Fatal error: Cannot load config.lua (/root/canary/config.lua).
[Sat, 23 Dec 2023 21:26:13 -0600] [load_config_file] Fatal error: Cannot load config.lua (/root/canary/config.lua).
[Sat, 23 Dec 2023 21:26:13 -0600] [load_config_file] Fatal error: Cannot load config.lua (/root/canary/config.lua).
[Sat, 23 Dec 2023 21:26:13 -0600] [load_config_file] Fatal error: Cannot load config.lua (/root/canary/config.lua).
[Sat, 23 Dec 2023 21:26:13 -0600] [load_config_file] Fatal error: Cannot load config.lua (/root/canary/config.lua).
[Sat, 23 Dec 2023 21:26:18 -0600] [load_config_file] Fatal error: Cannot load config.lua (/root/canary/config.lua).
[Sat, 23 Dec 2023 21:26:20 -0600] [load_config_file] Fatal error: Cannot load config.lua (/root/canary/config.lua).
[Sat, 23 Dec 2023 21:26:22 -0600] [load_config_file] Fatal error: Cannot load config.lua (/root/canary/config.lua).
[Sat, 23 Dec 2023 21:26:22 -0600] [load_config_file] Fatal error: Cannot load config.lua (/root/canary/config.lua).
[Sat, 23 Dec 2023 21:26:23 -0600] [load_config_file] Fatal error: Cannot load config.lua (/root/canary/config.lua).
[Sat, 23 Dec 2023 21:26:23 -0600] [load_config_file] Fatal error: Cannot load config.lua (/root/canary/config.lua).
[Sat, 23 Dec 2023 21:26:24 -0600] [load_config_file] Fatal error: Cannot load config.lua (/root/canary/config.lua).
[Sat, 23 Dec 2023 21:26:24 -0600] [load_config_file] Fatal error: Cannot load config.lua (/root/canary/config.lua).
[Sat, 23 Dec 2023 21:26:24 -0600] [load_config_file] Fatal error: Cannot load config.lua (/root/canary/config.lua).
[Sat, 23 Dec 2023 21:26:25 -0600] [load_config_file] Fatal error: Cannot load config.lua (/root/canary/config.lua).
[Sat, 23 Dec 2023 21:26:25 -0600] [load_config_file] Fatal error: Cannot load config.lua (/root/canary/config.lua).
[Sat, 23 Dec 2023 21:26:25 -0600] [load_config_file] Fatal error: Cannot load config.lua (/root/canary/config.lua).
[Sat, 23 Dec 2023 21:26:37 -0600] [load_config_file] Fatal error: Cannot load config.lua (/root/canary/config.lua).
[Sat, 23 Dec 2023 21:26:37 -0600] [load_config_file] Fatal error: Cannot load config.lua (/root/canary/config.lua).
[Sat, 23 Dec 2023 21:26:37 -0600] [load_config_file] Fatal error: Cannot load config.lua (/root/canary/config.lua).
[Sat, 23 Dec 2023 21:26:39 -0600] [load_config_file] Fatal error: Cannot load config.lua (/root/canary/config.lua).
[Sat, 23 Dec 2023 21:26:39 -0600] [load_config_file] Fatal error: Cannot load config.lua (/root/canary/config.lua).
[Sat, 23 Dec 2023 21:26:39 -0600] [load_config_file] Fatal error: Cannot load config.lua (/root/canary/config.lua).
[Sat, 23 Dec 2023 21:26:40 -0600] [load_config_file] Fatal error: Cannot load config.lua (/root/canary/config.lua).
[Sat, 23 Dec 2023 21:26:40 -0600] [load_config_file] Fatal error: Cannot load config.lua (/root/canary/config.lua).
[Sat, 23 Dec 2023 21:26:40 -0600] [load_config_file] Fatal error: Cannot load config.lua (/root/canary/config.lua).
[Sat, 23 Dec 2023 21:26:40 -0600] [load_config_file] Fatal error: Cannot load config.lua (/root/canary/config.lua).
[Sat, 23 Dec 2023 21:26:40 -0600] [load_config_file] Fatal error: Cannot load config.lua (/root/canary/config.lua).
[Sat, 23 Dec 2023 21:26:40 -0600] [load_config_file] Fatal error: Cannot load config.lua (/root/canary/config.lua).
[Sat, 23 Dec 2023 21:26:52 -0600] [load_config_file] Fatal error: Cannot load config.lua (/root/canary/config.lua).
[Sat, 23 Dec 2023 21:26:52 -0600] [load_config_file] Fatal error: Cannot load config.lua (/root/canary/config.lua).
[Sat, 23 Dec 2023 21:26:52 -0600] [load_config_file] Fatal error: Cannot load config.lua (/root/canary/config.lua).
[Sat, 23 Dec 2023 21:26:52 -0600] [load_config_file] Fatal error: Cannot load config.lua (/root/canary/config.lua).
[Sat, 23 Dec 2023 21:26:55 -0600] [load_config_file] Fatal error: Cannot load config.lua (/root/canary/config.lua).
[Sat, 23 Dec 2023 21:26:55 -0600] [load_config_file] Fatal error: Cannot load config.lua (/root/canary/config.lua).
[Sat, 23 Dec 2023 21:26:55 -0600] [load_config_file] Fatal error: Cannot load config.lua (/root/canary/config.lua).
[Sat, 23 Dec 2023 21:27:08 -0600] [load_config_file] Fatal error: Cannot load config.lua (/root/canary/config.lua).
[Sat, 23 Dec 2023 21:27:08 -0600] [load_config_file] Fatal error: Cannot load config.lua (/root/canary/config.lua).
[Sat, 23 Dec 2023 21:27:08 -0600] [load_config_file] Fatal error: Cannot load config.lua (/root/canary/config.lua).
[Sat, 23 Dec 2023 21:27:10 -0600] [load_config_file] Fatal error: Cannot load config.lua (/root/canary/config.lua).
[Sat, 23 Dec 2023 21:27:10 -0600] [load_config_file] Fatal error: Cannot load config.lua (/root/canary/config.lua).
[Sat, 23 Dec 2023 21:27:10 -0600] [load_config_file] Fatal error: Cannot load config.lua (/root/canary/config.lua).
[Sat, 23 Dec 2023 21:27:19 -0600] [load_config_file] Fatal error: Cannot load config.lua (/root/canary/config.lua).
[Sat, 23 Dec 2023 21:27:24 -0600] [load_config_file] Fatal error: Cannot load config.lua (/root/canary/config.lua).
[Sat, 23 Dec 2023 21:27:24 -0600] [load_config_file] Fatal error: Cannot load config.lua (/root/canary/config.lua).
[Sat, 23 Dec 2023 21:27:24 -0600] [load_config_file] Fatal error: Cannot load config.lua (/root/canary/config.lua).
[Sat, 23 Dec 2023 21:27:25 -0600] [load_config_file] Fatal error: Cannot load config.lua (/root/canary/config.lua).
[Sat, 23 Dec 2023 21:27:25 -0600] [load_config_file] Fatal error: Cannot load config.lua (/root/canary/config.lua).
[Sat, 23 Dec 2023 21:27:25 -0600] [load_config_file] Fatal error: Cannot load config.lua (/root/canary/config.lua).
[Sat, 23 Dec 2023 21:27:30 -0600] [load_config_file] Fatal error: Cannot load config.lua (/root/canary/config.lua).
[Sat, 23 Dec 2023 21:27:36 -0600] [load_config_file] Fatal error: Cannot load config.lua (/root/canary/config.lua).
[Sat, 23 Dec 2023 21:27:40 -0600] [load_config_file] Fatal error: Cannot load config.lua (/root/canary/config.lua).
[Sat, 23 Dec 2023 21:27:40 -0600] [load_config_file] Fatal error: Cannot load config.lua (/root/canary/config.lua).
[Sat, 23 Dec 2023 21:27:40 -0600] [load_config_file] Fatal error: Cannot load config.lua (/root/canary/config.lua).
[Sat, 23 Dec 2023 21:27:40 -0600] [load_config_file] Fatal error: Cannot load config.lua (/root/canary/config.lua).
[Sat, 23 Dec 2023 21:27:40 -0600] [load_config_file] Fatal error: Cannot load config.lua (/root/canary/config.lua).
[Sat, 23 Dec 2023 21:27:40 -0600] [load_config_file] Fatal error: Cannot load config.lua (/root/canary/config.lua).
[Sat, 23 Dec 2023 21:27:40 -0600] [load_config_file] Fatal error: Cannot load config.lua (/root/canary/config.lua).
[Sat, 23 Dec 2023 21:27:40 -0600] [load_config_file] Fatal error: Cannot load config.lua (/root/canary/config.lua).
[Sat, 23 Dec 2023 21:27:40 -0600] [load_config_file] Fatal error: Cannot load config.lua (/root/canary/config.lua).
[Sat, 23 Dec 2023 21:27:42 -0600] [load_config_file] Fatal error: Cannot load config.lua (/root/canary/config.lua).
[Sat, 23 Dec 2023 21:27:56 -0600] [load_config_file] Fatal error: Cannot load config.lua (/root/canary/config.lua).
[Sat, 23 Dec 2023 21:27:56 -0600] [load_config_file] Fatal error: Cannot load config.lua (/root/canary/config.lua).
[Sat, 23 Dec 2023 21:27:56 -0600] [load_config_file] Fatal error: Cannot load config.lua (/root/canary/config.lua).
[Sat, 23 Dec 2023 21:27:56 -0600] [load_config_file] Fatal error: Cannot load config.lua (/root/canary/config.lua).
[Sat, 23 Dec 2023 21:27:56 -0600] [load_config_file] Fatal error: Cannot load config.lua (/root/canary/config.lua).
[Sat, 23 Dec 2023 21:27:56 -0600] [load_config_file] Fatal error: Cannot load config.lua (/root/canary/config.lua).
[Sat, 23 Dec 2023 21:28:17 -0600] [load_config_file] Fatal error: Cannot load config.lua (/root/canary/config.lua).
[Sat, 23 Dec 2023 21:28:17 -0600] [load_config_file] Fatal error: Cannot load config.lua (/root/canary/config.lua).
[Sat, 23 Dec 2023 21:28:17 -0600] [load_config_file] Fatal error: Cannot load config.lua (/root/canary/config.lua).
[Sat, 23 Dec 2023 21:28:28 -0600] [load_config_file] Fatal error: Cannot load config.lua (/root/canary/config.lua).
[Sat, 23 Dec 2023 21:28:28 -0600] [load_config_file] Fatal error: Cannot load config.lua (/root/canary/config.lua).
[Sat, 23 Dec 2023 21:28:28 -0600] [load_config_file] Fatal error: Cannot load config.lua (/root/canary/config.lua).
[Sat, 23 Dec 2023 21:28:39 -0600] [load_config_file] Fatal error: Cannot load config.lua (/root/canary/config.lua).
[Sat, 23 Dec 2023 21:28:39 -0600] [load_config_file] Fatal error: Cannot load config.lua (/root/canary/config.lua).
[Sat, 23 Dec 2023 21:28:39 -0600] [load_config_file] Fatal error: Cannot load config.lua (/root/canary/config.lua).
[Sat, 23 Dec 2023 21:28:50 -0600] [load_config_file] Fatal error: Cannot load config.lua (/root/canary/config.lua).
[Sat, 23 Dec 2023 21:28:50 -0600] [load_config_file] Fatal error: Cannot load config.lua (/root/canary/config.lua).
[Sat, 23 Dec 2023 21:28:50 -0600] [load_config_file] Fatal error: Cannot load config.lua (/root/canary/config.lua).
[Sat, 23 Dec 2023 21:28:58 -0600] [load_config_file] Fatal error: Cannot load config.lua (/root/canary/config.lua).
[Sat, 23 Dec 2023 21:28:58 -0600] [load_config_file] Fatal error: Cannot load config.lua (/root/canary/config.lua).
[Sat, 23 Dec 2023 21:28:58 -0600] [load_config_file] Fatal error: Cannot load config.lua (/root/canary/config.lua).
[Sat, 23 Dec 2023 21:29:03 -0600] [load_config_file] Fatal error: Cannot load config.lua (/root/canary/config.lua).
[Sat, 23 Dec 2023 21:29:03 -0600] [load_config_file] Fatal error: Cannot load config.lua (/root/canary/config.lua).
[Sat, 23 Dec 2023 21:29:03 -0600] [load_config_file] Fatal error: Cannot load config.lua (/root/canary/config.lua).
[Sat, 23 Dec 2023 21:29:09 -0600] [load_config_file] Fatal error: Cannot load config.lua (/root/canary/config.lua).
[Sat, 23 Dec 2023 21:29:09 -0600] [load_config_file] Fatal error: Cannot load config.lua (/root/canary/config.lua).
[Sat, 23 Dec 2023 21:29:09 -0600] [load_config_file] Fatal error: Cannot load config.lua (/root/canary/config.lua).
[Sat, 23 Dec 2023 21:29:17 -0600] [load_config_file] Fatal error: Cannot load config.lua (/root/canary/config.lua).
[Sat, 23 Dec 2023 21:29:17 -0600] [load_config_file] Fatal error: Cannot load config.lua (/root/canary/config.lua).
[Sat, 23 Dec 2023 21:29:17 -0600] [load_config_file] Fatal error: Cannot load config.lua (/root/canary/config.lua).
[Sat, 23 Dec 2023 21:29:20 -0600] [load_config_file] Fatal error: Cannot load config.lua (/root/canary/config.lua).
[Sat, 23 Dec 2023 21:29:20 -0600] [load_config_file] Fatal error: Cannot load config.lua (/root/canary/config.lua).
[Sat, 23 Dec 2023 21:29:20 -0600] [load_config_file] Fatal error: Cannot load config.lua (/root/canary/config.lua).
[Sat, 23 Dec 2023 21:29:31 -0600] [load_config_file] Fatal error: Cannot load config.lua (/root/canary/config.lua).
[Sat, 23 Dec 2023 21:29:31 -0600] [load_config_file] Fatal error: Cannot load config.lua (/root/canary/config.lua).
[Sat, 23 Dec 2023 21:29:31 -0600] [load_config_file] Fatal error: Cannot load config.lua (/root/canary/config.lua).
[Sat, 23 Dec 2023 21:29:32 -0600] [load_config_file] Fatal error: Cannot load config.lua (/root/canary/config.lua).
[Sat, 23 Dec 2023 21:29:32 -0600] [load_config_file] Fatal error: Cannot load config.lua (/root/canary/config.lua).
[Sat, 23 Dec 2023 21:29:32 -0600] [load_config_file] Fatal error: Cannot load config.lua (/root/canary/config.lua).
[Sat, 23 Dec 2023 21:29:32 -0600] [load_config_file] Fatal error: Cannot load config.lua (/root/canary/config.lua).
[Sat, 23 Dec 2023 21:29:33 -0600] [load_config_file] Fatal error: Cannot load config.lua (/root/canary/config.lua).
[Sat, 23 Dec 2023 21:29:33 -0600] [load_config_file] Fatal error: Cannot load config.lua (/root/canary/config.lua).
[Sat, 23 Dec 2023 21:29:33 -0600] [load_config_file] Fatal error: Cannot load config.lua (/root/canary/config.lua).
[Sat, 23 Dec 2023 21:29:34 -0600] [load_config_file] Fatal error: Cannot load config.lua (/root/canary/config.lua).
[Sat, 23 Dec 2023 21:29:42 -0600] [load_config_file] Fatal error: Cannot load config.lua (/root/canary/config.lua).
[Sat, 23 Dec 2023 21:29:43 -0600] [load_config_file] Fatal error: Cannot load config.lua (/root/canary/config.lua).
[Sat, 23 Dec 2023 21:29:43 -0600] [load_config_file] Fatal error: Cannot load config.lua (/root/canary/config.lua).
[Sat, 23 Dec 2023 21:29:43 -0600] [load_config_file] Fatal error: Cannot load config.lua (/root/canary/config.lua).
[Sat, 23 Dec 2023 21:29:46 -0600] [load_config_file] Fatal error: Cannot load config.lua (/root/canary/config.lua).
[Sat, 23 Dec 2023 21:29:49 -0600] [load_config_file] Fatal error: Cannot load config.lua (/root/canary/config.lua).
[Sat, 23 Dec 2023 21:29:49 -0600] [load_config_file] Fatal error: Cannot load config.lua (/root/canary/config.lua).
[Sat, 23 Dec 2023 21:29:49 -0600] [load_config_file] Fatal error: Cannot load config.lua (/root/canary/config.lua).
[Sat, 23 Dec 2023 21:29:49 -0600] [load_config_file] Fatal error: Cannot load config.lua (/root/canary/config.lua).
[Sat, 23 Dec 2023 21:29:49 -0600] [load_config_file] Fatal error: Cannot load config.lua (/root/canary/config.lua).
[Sat, 23 Dec 2023 21:29:49 -0600] [load_config_file] Fatal error: Cannot load config.lua (/root/canary/config.lua).
[Sat, 23 Dec 2023 21:29:51 -0600] [load_config_file] Fatal error: Cannot load config.lua (/root/canary/config.lua).
[Sat, 23 Dec 2023 21:29:52 -0600] [load_config_file] Fatal error: Cannot load config.lua (/root/canary/config.lua).
[Sat, 23 Dec 2023 21:29:57 -0600] [load_config_file] Fatal error: Cannot load config.lua (/root/canary/config.lua).
[Sat, 23 Dec 2023 21:29:57 -0600] [load_config_file] Fatal error: Cannot load config.lua (/root/canary/config.lua).
[Sat, 23 Dec 2023 21:29:57 -0600] [load_config_file] Fatal error: Cannot load config.lua (/root/canary/config.lua).
[Sat, 23 Dec 2023 21:30:03 -0600] [load_config_file] Fatal error: Cannot load config.lua (/root/canary/config.lua).
[Sat, 23 Dec 2023 21:30:03 -0600] [load_config_file] Fatal error: Cannot load config.lua (/root/canary/config.lua).
[Sat, 23 Dec 2023 21:30:03 -0600] [load_config_file] Fatal error: Cannot load config.lua (/root/canary/config.lua).
[Sat, 23 Dec 2023 21:30:03 -0600] [load_config_file] Fatal error: Cannot load config.lua (/root/canary/config.lua).
[Sat, 23 Dec 2023 21:30:05 -0600] [load_config_file] Fatal error: Cannot load config.lua (/root/canary/config.lua).
[Sat, 23 Dec 2023 21:30:05 -0600] [load_config_file] Fatal error: Cannot load config.lua (/root/canary/config.lua).
[Sat, 23 Dec 2023 21:30:05 -0600] [load_config_file] Fatal error: Cannot load config.lua (/root/canary/config.lua).
[Sat, 23 Dec 2023 21:30:13 -0600] [load_config_file] Fatal error: Cannot load config.lua (/root/canary/config.lua).
[Sat, 23 Dec 2023 21:30:13 -0600] [load_config_file] Fatal error: Cannot load config.lua (/root/canary/config.lua).
[Sat, 23 Dec 2023 21:30:13 -0600] [load_config_file] Fatal error: Cannot load config.lua (/root/canary/config.lua).
[Sat, 23 Dec 2023 21:30:17 -0600] [load_config_file] Fatal error: Cannot load config.lua (/root/canary/config.lua).
[Sat, 23 Dec 2023 21:30:17 -0600] [load_config_file] Fatal error: Cannot load config.lua (/root/canary/config.lua).
[Sat, 23 Dec 2023 21:30:17 -0600] [load_config_file] Fatal error: Cannot load config.lua (/root/canary/config.lua).
[Sat, 23 Dec 2023 21:30:20 -0600] [load_config_file] Fatal error: Cannot load config.lua (/root/canary/config.lua).
[Sat, 23 Dec 2023 21:30:20 -0600] [load_config_file] Fatal error: Cannot load config.lua (/root/canary/config.lua).
[Sat, 23 Dec 2023 21:30:20 -0600] [load_config_file] Fatal error: Cannot load config.lua (/root/canary/config.lua).
[Sat, 23 Dec 2023 21:30:21 -0600] [load_config_file] Fatal error: Cannot load config.lua (/root/canary/config.lua).
[Sat, 23 Dec 2023 21:30:21 -0600] [load_config_file] Fatal error: Cannot load config.lua (/root/canary/config.lua).
[Sat, 23 Dec 2023 21:30:21 -0600] [load_config_file] Fatal error: Cannot load config.lua (/root/canary/config.lua).
[Sat, 23 Dec 2023 21:30:25 -0600] [load_config_file] Fatal error: Cannot load config.lua (/root/canary/config.lua).
[Sat, 23 Dec 2023 21:30:28 -0600] [load_config_file] Fatal error: Cannot load config.lua (/root/canary/config.lua).
[Sat, 23 Dec 2023 21:30:28 -0600] [load_config_file] Fatal error: Cannot load config.lua (/root/canary/config.lua).
[Sat, 23 Dec 2023 21:30:28 -0600] [load_config_file] Fatal error: Cannot load config.lua (/root/canary/config.lua).
[Sat, 23 Dec 2023 21:30:29 -0600] [load_config_file] Fatal error: Cannot load config.lua (/root/canary/config.lua).
[Sat, 23 Dec 2023 21:30:30 -0600] [load_config_file] Fatal error: Cannot load config.lua (/root/canary/config.lua).
[Sat, 23 Dec 2023 21:30:30 -0600] [load_config_file] Fatal error: Cannot load config.lua (/root/canary/config.lua).
[Sat, 23 Dec 2023 21:30:30 -0600] [load_config_file] Fatal error: Cannot load config.lua (/root/canary/config.lua).
[Sat, 23 Dec 2023 21:30:43 -0600] [load_config_file] Fatal error: Cannot load config.lua (/root/canary/config.lua).
[Sat, 23 Dec 2023 21:30:43 -0600] [load_config_file] Fatal error: Cannot load config.lua (/root/canary/config.lua).
[Sat, 23 Dec 2023 21:30:43 -0600] [load_config_file] Fatal error: Cannot load config.lua (/root/canary/config.lua).
[Sat, 23 Dec 2023 21:30:45 -0600] [load_config_file] Fatal error: Cannot load config.lua (/root/canary/config.lua).
[Sat, 23 Dec 2023 21:30:45 -0600] [load_config_file] Fatal error: Cannot load config.lua (/root/canary/config.lua).
[Sat, 23 Dec 2023 21:30:45 -0600] [load_config_file] Fatal error: Cannot load config.lua (/root/canary/config.lua).
[Sat, 23 Dec 2023 21:30:58 -0600] [load_config_file] Fatal error: Cannot load config.lua (/root/canary/config.lua).
[Sat, 23 Dec 2023 21:30:58 -0600] [load_config_file] Fatal error: Cannot load config.lua (/root/canary/config.lua).
[Sat, 23 Dec 2023 21:30:58 -0600] [load_config_file] Fatal error: Cannot load config.lua (/root/canary/config.lua).
[Sat, 23 Dec 2023 21:30:58 -0600] [load_config_file] Fatal error: Cannot load config.lua (/root/canary/config.lua).
[Sat, 23 Dec 2023 21:30:58 -0600] [load_config_file] Fatal error: Cannot load config.lua (/root/canary/config.lua).
[Sat, 23 Dec 2023 21:30:58 -0600] [load_config_file] Fatal error: Cannot load config.lua (/root/canary/config.lua).
[Sat, 23 Dec 2023 21:31:02 -0600] [load_config_file] Fatal error: Cannot load config.lua (/root/canary/config.lua).
[Sat, 23 Dec 2023 21:31:02 -0600] [load_config_file] Fatal error: Cannot load config.lua (/root/canary/config.lua).
[Sat, 23 Dec 2023 21:31:02 -0600] [load_config_file] Fatal error: Cannot load config.lua (/root/canary/config.lua).
[Sat, 23 Dec 2023 21:31:04 -0600] [load_config_file] Fatal error: Cannot load config.lua (/root/canary/config.lua).
[Sat, 23 Dec 2023 21:31:04 -0600] [load_config_file] Fatal error: Cannot load config.lua (/root/canary/config.lua).
[Sat, 23 Dec 2023 21:31:04 -0600] [load_config_file] Fatal error: Cannot load config.lua (/root/canary/config.lua).
[Sat, 23 Dec 2023 21:31:09 -0600] [load_config_file] Fatal error: Cannot load config.lua (/root/canary/config.lua).
[Sat, 23 Dec 2023 21:31:11 -0600] [load_config_file] Fatal error: Cannot load config.lua (/root/canary/config.lua).
[Sat, 23 Dec 2023 21:31:13 -0600] [load_config_file] Fatal error: Cannot load config.lua (/root/canary/config.lua).
[Sat, 23 Dec 2023 21:31:27 -0600] [load_config_file] Fatal error: Cannot load config.lua (/root/canary/config.lua).
[Sat, 23 Dec 2023 21:31:28 -0600] [load_config_file] Fatal error: Cannot load config.lua (/root/canary/config.lua).
[Sat, 23 Dec 2023 21:31:28 -0600] [load_config_file] Fatal error: Cannot load config.lua (/root/canary/config.lua).
[Sat, 23 Dec 2023 21:31:28 -0600] [load_config_file] Fatal error: Cannot load config.lua (/root/canary/config.lua).
[Sat, 23 Dec 2023 21:31:34 -0600] [load_config_file] Fatal error: Cannot load config.lua (/root/canary/config.lua).
[Sat, 23 Dec 2023 21:31:42 -0600] [load_config_file] Fatal error: Cannot load config.lua (/root/canary/config.lua).
[Sat, 23 Dec 2023 21:31:48 -0600] [load_config_file] Fatal error: Cannot load config.lua (/root/canary/config.lua).
[Sat, 23 Dec 2023 21:31:53 -0600] [load_config_file] Fatal error: Cannot load config.lua (/root/canary/config.lua).
[Sat, 23 Dec 2023 21:31:53 -0600] [load_config_file] Fatal error: Cannot load config.lua (/root/canary/config.lua).
[Sat, 23 Dec 2023 21:31:53 -0600] [load_config_file] Fatal error: Cannot load config.lua (/root/canary/config.lua).
[Sat, 23 Dec 2023 21:31:57 -0600] [load_config_file] Fatal error: Cannot load config.lua (/root/canary/config.lua).
[Sat, 23 Dec 2023 21:32:03 -0600] [load_config_file] Fatal error: Cannot load config.lua (/root/canary/config.lua).
[Sat, 23 Dec 2023 21:32:09 -0600] [load_config_file] Fatal error: Cannot load config.lua (/root/canary/config.lua).
[Sat, 23 Dec 2023 21:32:10 -0600] [load_config_file] Fatal error: Cannot load config.lua (/root/canary/config.lua).
[Sat, 23 Dec 2023 21:32:10 -0600] [load_config_file] Fatal error: Cannot load config.lua (/root/canary/config.lua).
[Sat, 23 Dec 2023 21:32:11 -0600] [load_config_file] Fatal error: Cannot load config.lua (/root/canary/config.lua).
[Sat, 23 Dec 2023 21:32:11 -0600] [load_config_file] Fatal error: Cannot load config.lua (/root/canary/config.lua).
[Sat, 23 Dec 2023 21:32:11 -0600] [load_config_file] Fatal error: Cannot load config.lua (/root/canary/config.lua).
[Sat, 23 Dec 2023 21:32:14 -0600] [load_config_file] Fatal error: Cannot load config.lua (/root/canary/config.lua).
[Sat, 23 Dec 2023 21:32:30 -0600] [load_config_file] Fatal error: Cannot load config.lua (/root/canary/config.lua).
[Sat, 23 Dec 2023 21:32:30 -0600] [load_config_file] Fatal error: Cannot load config.lua (/root/canary/config.lua).
[Sat, 23 Dec 2023 21:32:30 -0600] [load_config_file] Fatal error: Cannot load config.lua (/root/canary/config.lua).
[Sat, 23 Dec 2023 21:32:30 -0600] [load_config_file] Fatal error: Cannot load config.lua (/root/canary/config.lua).
[Sat, 23 Dec 2023 21:32:30 -0600] [load_config_file] Fatal error: Cannot load config.lua (/root/canary/config.lua).
[Sat, 23 Dec 2023 21:32:30 -0600] [load_config_file] Fatal error: Cannot load config.lua (/root/canary/config.lua).
[Sat, 23 Dec 2023 21:32:34 -0600] [load_config_file] Fatal error: Cannot load config.lua (/root/canary/config.lua).
[Sat, 23 Dec 2023 21:32:34 -0600] [load_config_file] Fatal error: Cannot load config.lua (/root/canary/config.lua).
[Sat, 23 Dec 2023 21:32:34 -0600] [load_config_file] Fatal error: Cannot load config.lua (/root/canary/config.lua).
[Sat, 23 Dec 2023 21:32:36 -0600] [load_config_file] Fatal error: Cannot load config.lua (/root/canary/config.lua).
[Sat, 23 Dec 2023 21:32:44 -0600] [load_config_file] Fatal error: Cannot load config.lua (/root/canary/config.lua).
[Sat, 23 Dec 2023 21:32:44 -0600] [load_config_file] Fatal error: Cannot load config.lua (/root/canary/config.lua).
[Sat, 23 Dec 2023 21:32:44 -0600] [load_config_file] Fatal error: Cannot load config.lua (/root/canary/config.lua).
[Sat, 23 Dec 2023 21:32:44 -0600] [load_config_file] Fatal error: Cannot load config.lua (/root/canary/config.lua).
[Sat, 23 Dec 2023 21:32:55 -0600] [load_config_file] Fatal error: Cannot load config.lua (/root/canary/config.lua).
[Sat, 23 Dec 2023 21:32:55 -0600] [load_config_file] Fatal error: Cannot load config.lua (/root/canary/config.lua).
[Sat, 23 Dec 2023 21:32:55 -0600] [load_config_file] Fatal error: Cannot load config.lua (/root/canary/config.lua).
[Sat, 23 Dec 2023 21:32:56 -0600] [load_config_file] Fatal error: Cannot load config.lua (/root/canary/config.lua).
[Sat, 23 Dec 2023 21:32:57 -0600] [load_config_file] Fatal error: Cannot load config.lua (/root/canary/config.lua).
[Sat, 23 Dec 2023 21:32:57 -0600] [load_config_file] Fatal error: Cannot load config.lua (/root/canary/config.lua).
[Sat, 23 Dec 2023 21:32:57 -0600] [load_config_file] Fatal error: Cannot load config.lua (/root/canary/config.lua).
[Sat, 23 Dec 2023 21:32:57 -0600] [load_config_file] Fatal error: Cannot load config.lua (/root/canary/config.lua).
[Sat, 23 Dec 2023 21:33:05 -0600] [load_config_file] Fatal error: Cannot load config.lua (/root/canary/config.lua).
[Sat, 23 Dec 2023 21:33:06 -0600] [load_config_file] Fatal error: Cannot load config.lua (/root/canary/config.lua).
[Sat, 23 Dec 2023 21:33:06 -0600] [load_config_file] Fatal error: Cannot load config.lua (/root/canary/config.lua).
[Sat, 23 Dec 2023 21:33:06 -0600] [load_config_file] Fatal error: Cannot load config.lua (/root/canary/config.lua).
[Sat, 23 Dec 2023 21:33:17 -0600] [load_config_file] Fatal error: Cannot load config.lua (/root/canary/config.lua).
[Sat, 23 Dec 2023 21:33:18 -0600] [load_config_file] Fatal error: Cannot load config.lua (/root/canary/config.lua).
[Sat, 23 Dec 2023 21:33:18 -0600] [load_config_file] Fatal error: Cannot load config.lua (/root/canary/config.lua).
[Sat, 23 Dec 2023 21:33:18 -0600] [load_config_file] Fatal error: Cannot load config.lua (/root/canary/config.lua).
[Sat, 23 Dec 2023 21:33:32 -0600] [load_config_file] Fatal error: Cannot load config.lua (/root/canary/config.lua).
[Sat, 23 Dec 2023 21:33:32 -0600] [load_config_file] Fatal error: Cannot load config.lua (/root/canary/config.lua).
[Sat, 23 Dec 2023 21:33:32 -0600] [load_config_file] Fatal error: Cannot load config.lua (/root/canary/config.lua).
[Sat, 23 Dec 2023 21:33:34 -0600] [load_config_file] Fatal error: Cannot load config.lua (/root/canary/config.lua).
[Sat, 23 Dec 2023 21:33:44 -0600] [load_config_file] Fatal error: Cannot load config.lua (/root/canary/config.lua).
[Sat, 23 Dec 2023 21:33:44 -0600] [load_config_file] Fatal error: Cannot load config.lua (/root/canary/config.lua).
[Sat, 23 Dec 2023 21:33:44 -0600] [load_config_file] Fatal error: Cannot load config.lua (/root/canary/config.lua).
[Sat, 23 Dec 2023 21:33:46 -0600] [load_config_file] Fatal error: Cannot load config.lua (/root/canary/config.lua).
[Sat, 23 Dec 2023 21:33:46 -0600] [load_config_file] Fatal error: Cannot load config.lua (/root/canary/config.lua).
[Sat, 23 Dec 2023 21:33:46 -0600] [load_config_file] Fatal error: Cannot load config.lua (/root/canary/config.lua).
[Sat, 23 Dec 2023 21:33:47 -0600] [load_config_file] Fatal error: Cannot load config.lua (/root/canary/config.lua).
[Sat, 23 Dec 2023 21:33:47 -0600] [load_config_file] Fatal error: Cannot load config.lua (/root/canary/config.lua).
[Sat, 23 Dec 2023 21:33:47 -0600] [load_config_file] Fatal error: Cannot load config.lua (/root/canary/config.lua).
[Sat, 23 Dec 2023 21:33:50 -0600] [load_config_file] Fatal error: Cannot load config.lua (/root/canary/config.lua).
[Sat, 23 Dec 2023 21:33:56 -0600] [load_config_file] Fatal error: Cannot load config.lua (/root/canary/config.lua).
[Sat, 23 Dec 2023 21:33:56 -0600] [load_config_file] Fatal error: Cannot load config.lua (/root/canary/config.lua).
[Sat, 23 Dec 2023 21:33:56 -0600] [load_config_file] Fatal error: Cannot load config.lua (/root/canary/config.lua).
[Sat, 23 Dec 2023 21:33:59 -0600] [load_config_file] Fatal error: Cannot load config.lua (/root/canary/config.lua).
[Sat, 23 Dec 2023 21:33:59 -0600] [load_config_file] Fatal error: Cannot load config.lua (/root/canary/config.lua).
[Sat, 23 Dec 2023 21:33:59 -0600] [load_config_file] Fatal error: Cannot load config.lua (/root/canary/config.lua).
[Sat, 23 Dec 2023 21:34:03 -0600] [load_config_file] Fatal error: Cannot load config.lua (/root/canary/config.lua).
[Sat, 23 Dec 2023 21:34:03 -0600] [load_config_file] Fatal error: Cannot load config.lua (/root/canary/config.lua).
[Sat, 23 Dec 2023 21:34:03 -0600] [load_config_file] Fatal error: Cannot load config.lua (/root/canary/config.lua).
[Sat, 23 Dec 2023 21:34:11 -0600] [load_config_file] Fatal error: Cannot load config.lua (/root/canary/config.lua).
[Sat, 23 Dec 2023 21:34:11 -0600] [load_config_file] Fatal error: Cannot load config.lua (/root/canary/config.lua).
[Sat, 23 Dec 2023 21:34:11 -0600] [load_config_file] Fatal error: Cannot load config.lua (/root/canary/config.lua).
[Sat, 23 Dec 2023 21:34:18 -0600] [load_config_file] Fatal error: Cannot load config.lua (/root/canary/config.lua).
[Sat, 23 Dec 2023 21:34:18 -0600] [load_config_file] Fatal error: Cannot load config.lua (/root/canary/config.lua).
[Sat, 23 Dec 2023 21:34:18 -0600] [load_config_file] Fatal error: Cannot load config.lua (/root/canary/config.lua).
[Sat, 23 Dec 2023 21:34:24 -0600] [load_config_file] Fatal error: Cannot load config.lua (/root/canary/config.lua).
[Sat, 23 Dec 2023 21:34:24 -0600] [load_config_file] Fatal error: Cannot load config.lua (/root/canary/config.lua).
[Sat, 23 Dec 2023 21:34:24 -0600] [load_config_file] Fatal error: Cannot load config.lua (/root/canary/config.lua).
[Sat, 23 Dec 2023 21:34:33 -0600] [load_config_file] Fatal error: Cannot load config.lua (/root/canary/config.lua).
[Sat, 23 Dec 2023 21:34:33 -0600] [load_config_file] Fatal error: Cannot load config.lua (/root/canary/config.lua).
[Sat, 23 Dec 2023 21:34:33 -0600] [load_config_file] Fatal error: Cannot load config.lua (/root/canary/config.lua).
[Sat, 23 Dec 2023 21:34:33 -0600] [load_config_file] Fatal error: Cannot load config.lua (/root/canary/config.lua).
[Sat, 23 Dec 2023 21:34:33 -0600] [load_config_file] Fatal error: Cannot load config.lua (/root/canary/config.lua).
[Sat, 23 Dec 2023 21:34:33 -0600] [load_config_file] Fatal error: Cannot load config.lua (/root/canary/config.lua).
[Sat, 23 Dec 2023 21:34:36 -0600] [load_config_file] Fatal error: Cannot load config.lua (/root/canary/config.lua).
[Sat, 23 Dec 2023 21:34:36 -0600] [load_config_file] Fatal error: Cannot load config.lua (/root/canary/config.lua).
[Sat, 23 Dec 2023 21:34:36 -0600] [load_config_file] Fatal error: Cannot load config.lua (/root/canary/config.lua).
[Sat, 23 Dec 2023 21:34:37 -0600] [load_config_file] Fatal error: Cannot load config.lua (/root/canary/config.lua).
[Sat, 23 Dec 2023 21:34:37 -0600] [load_config_file] Fatal error: Cannot load config.lua (/root/canary/config.lua).
[Sat, 23 Dec 2023 21:34:37 -0600] [load_config_file] Fatal error: Cannot load config.lua (/root/canary/config.lua).
[Sat, 23 Dec 2023 21:34:53 -0600] [load_config_file] Fatal error: Cannot load config.lua (/root/canary/config.lua).
[Sat, 23 Dec 2023 21:34:53 -0600] [load_config_file] Fatal error: Cannot load config.lua (/root/canary/config.lua).
[Sat, 23 Dec 2023 21:34:53 -0600] [load_config_file] Fatal error: Cannot load config.lua (/root/canary/config.lua).
[Sat, 23 Dec 2023 21:34:55 -0600] [load_config_file] Fatal error: Cannot load config.lua (/root/canary/config.lua).
[Sat, 23 Dec 2023 21:34:55 -0600] [load_config_file] Fatal error: Cannot load config.lua (/root/canary/config.lua).
[Sat, 23 Dec 2023 21:34:55 -0600] [load_config_file] Fatal error: Cannot load config.lua (/root/canary/config.lua).
[Sat, 23 Dec 2023 21:35:10 -0600] [load_config_file] Fatal error: Cannot load config.lua (/root/canary/config.lua).
[Sat, 23 Dec 2023 21:35:11 -0600] [load_config_file] Fatal error: Cannot load config.lua (/root/canary/config.lua).
[Sat, 23 Dec 2023 21:35:11 -0600] [load_config_file] Fatal error: Cannot load config.lua (/root/canary/config.lua).
[Sat, 23 Dec 2023 21:35:11 -0600] [load_config_file] Fatal error: Cannot load config.lua (/root/canary/config.lua).
[Sat, 23 Dec 2023 21:35:11 -0600] [load_config_file] Fatal error: Cannot load config.lua (/root/canary/config.lua).
[Sat, 23 Dec 2023 21:35:11 -0600] [load_config_file] Fatal error: Cannot load config.lua (/root/canary/config.lua).
[Sat, 23 Dec 2023 21:35:11 -0600] [load_config_file] Fatal error: Cannot load config.lua (/root/canary/config.lua).
[Sat, 23 Dec 2023 21:35:16 -0600] [load_config_file] Fatal error: Cannot load config.lua (/root/canary/config.lua).
[Sat, 23 Dec 2023 21:35:17 -0600] [load_config_file] Fatal error: Cannot load config.lua (/root/canary/config.lua).
[Sat, 23 Dec 2023 21:35:27 -0600] [load_config_file] Fatal error: Cannot load config.lua (/root/canary/config.lua).
[Sat, 23 Dec 2023 21:35:28 -0600] [load_config_file] Fatal error: Cannot load config.lua (/root/canary/config.lua).
[Sat, 23 Dec 2023 21:35:28 -0600] [load_config_file] Fatal error: Cannot load config.lua (/root/canary/config.lua).
[Sat, 23 Dec 2023 21:35:28 -0600] [load_config_file] Fatal error: Cannot load config.lua (/root/canary/config.lua).
[Sat, 23 Dec 2023 21:35:28 -0600] [load_config_file] Fatal error: Cannot load config.lua (/root/canary/config.lua).
[Sat, 23 Dec 2023 21:35:30 -0600] [load_config_file] Fatal error: Cannot load config.lua (/root/canary/config.lua).
[Sat, 23 Dec 2023 21:35:46 -0600] [load_config_file] Fatal error: Cannot load config.lua (/root/canary/config.lua).
[Sat, 23 Dec 2023 21:35:46 -0600] [load_config_file] Fatal error: Cannot load config.lua (/root/canary/config.lua).
[Sat, 23 Dec 2023 21:35:46 -0600] [load_config_file] Fatal error: Cannot load config.lua (/root/canary/config.lua).
[Sat, 23 Dec 2023 21:35:51 -0600] [load_config_file] Fatal error: Cannot load config.lua (/root/canary/config.lua).
[Sat, 23 Dec 2023 21:35:53 -0600] [load_config_file] Fatal error: Cannot load config.lua (/root/canary/config.lua).
[Sat, 23 Dec 2023 21:35:55 -0600] [load_config_file] Fatal error: Cannot load config.lua (/root/canary/config.lua).
[Sat, 23 Dec 2023 21:35:55 -0600] [load_config_file] Fatal error: Cannot load config.lua (/root/canary/config.lua).
[Sat, 23 Dec 2023 21:35:55 -0600] [load_config_file] Fatal error: Cannot load config.lua (/root/canary/config.lua).
[Sat, 23 Dec 2023 21:36:00 -0600] [load_config_file] Fatal error: Cannot load config.lua (/root/canary/config.lua).
[Sat, 23 Dec 2023 21:36:00 -0600] [load_config_file] Fatal error: Cannot load config.lua (/root/canary/config.lua).
[Sat, 23 Dec 2023 21:36:02 -0600] [load_config_file] Fatal error: Cannot load config.lua (/root/canary/config.lua).
[Sat, 23 Dec 2023 21:36:04 -0600] [load_config_file] Fatal error: Cannot load config.lua (/root/canary/config.lua).
[Sat, 23 Dec 2023 21:36:04 -0600] [load_config_file] Fatal error: Cannot load config.lua (/root/canary/config.lua).
[Sat, 23 Dec 2023 21:36:04 -0600] [load_config_file] Fatal error: Cannot load config.lua (/root/canary/config.lua).
[Sat, 23 Dec 2023 21:36:04 -0600] [load_config_file] Fatal error: Cannot load config.lua (/root/canary/config.lua).
[Sat, 23 Dec 2023 21:36:04 -0600] [load_config_file] Fatal error: Cannot load config.lua (/root/canary/config.lua).
[Sat, 23 Dec 2023 21:36:04 -0600] [load_config_file] Fatal error: Cannot load config.lua (/root/canary/config.lua).
[Sat, 23 Dec 2023 21:36:06 -0600] [load_config_file] Fatal error: Cannot load config.lua (/root/canary/config.lua).
[Sat, 23 Dec 2023 21:36:06 -0600] [load_config_file] Fatal error: Cannot load config.lua (/root/canary/config.lua).
[Sat, 23 Dec 2023 21:36:06 -0600] [load_config_file] Fatal error: Cannot load config.lua (/root/canary/config.lua).
[Sat, 23 Dec 2023 21:36:17 -0600] [load_config_file] Fatal error: Cannot load config.lua (/root/canary/config.lua).
[Sat, 23 Dec 2023 21:36:17 -0600] [load_config_file] Fatal error: Cannot load config.lua (/root/canary/config.lua).
[Sat, 23 Dec 2023 21:36:17 -0600] [load_config_file] Fatal error: Cannot load config.lua (/root/canary/config.lua).
[Sat, 23 Dec 2023 21:36:22 -0600] [load_config_file] Fatal error: Cannot load config.lua (/root/canary/config.lua).
[Sat, 23 Dec 2023 21:36:28 -0600] [load_config_file] Fatal error: Cannot load config.lua (/root/canary/config.lua).
[Sat, 23 Dec 2023 21:36:28 -0600] [load_config_file] Fatal error: Cannot load config.lua (/root/canary/config.lua).
[Sat, 23 Dec 2023 21:36:28 -0600] [load_config_file] Fatal error: Cannot load config.lua (/root/canary/config.lua).
[Sat, 23 Dec 2023 21:36:40 -0600] [load_config_file] Fatal error: Cannot load config.lua (/root/canary/config.lua).
[Sat, 23 Dec 2023 21:36:40 -0600] [load_config_file] Fatal error: Cannot load config.lua (/root/canary/config.lua).
[Sat, 23 Dec 2023 21:36:40 -0600] [load_config_file] Fatal error: Cannot load config.lua (/root/canary/config.lua).
[Sat, 23 Dec 2023 21:36:54 -0600] [load_config_file] Fatal error: Cannot load config.lua (/root/canary/config.lua).
[Sat, 23 Dec 2023 21:36:54 -0600] [load_config_file] Fatal error: Cannot load config.lua (/root/canary/config.lua).
[Sat, 23 Dec 2023 21:36:54 -0600] [load_config_file] Fatal error: Cannot load config.lua (/root/canary/config.lua).
[Sat, 23 Dec 2023 21:36:59 -0600] [load_config_file] Fatal error: Cannot load config.lua (/root/canary/config.lua).
[Sat, 23 Dec 2023 21:37:09 -0600] [load_config_file] Fatal error: Cannot load config.lua (/root/canary/config.lua).
[Sat, 23 Dec 2023 21:37:09 -0600] [load_config_file] Fatal error: Cannot load config.lua (/root/canary/config.lua).
[Sat, 23 Dec 2023 21:37:09 -0600] [load_config_file] Fatal error: Cannot load config.lua (/root/canary/config.lua).
[Sat, 23 Dec 2023 21:37:25 -0600] [load_config_file] Fatal error: Cannot load config.lua (/root/canary/config.lua).
[Sat, 23 Dec 2023 21:37:25 -0600] [load_config_file] Fatal error: Cannot load config.lua (/root/canary/config.lua).
[Sat, 23 Dec 2023 21:37:25 -0600] [load_config_file] Fatal error: Cannot load config.lua (/root/canary/config.lua).
[Sat, 23 Dec 2023 21:37:36 -0600] [load_config_file] Fatal error: Cannot load config.lua (/root/canary/config.lua).
[Sat, 23 Dec 2023 21:37:40 -0600] [load_config_file] Fatal error: Cannot load config.lua (/root/canary/config.lua).
[Sat, 23 Dec 2023 21:37:40 -0600] [load_config_file] Fatal error: Cannot load config.lua (/root/canary/config.lua).
[Sat, 23 Dec 2023 21:37:40 -0600] [load_config_file] Fatal error: Cannot load config.lua (/root/canary/config.lua).
[Sat, 23 Dec 2023 21:37:45 -0600] [load_config_file] Fatal error: Cannot load config.lua (/root/canary/config.lua).
[Sat, 23 Dec 2023 21:37:45 -0600] [load_config_file] Fatal error: Cannot load config.lua (/root/canary/config.lua).
[Sat, 23 Dec 2023 21:37:45 -0600] [load_config_file] Fatal error: Cannot load config.lua (/root/canary/config.lua).
[Sat, 23 Dec 2023 21:37:55 -0600] [load_config_file] Fatal error: Cannot load config.lua (/root/canary/config.lua).
[Sat, 23 Dec 2023 21:37:55 -0600] [load_config_file] Fatal error: Cannot load config.lua (/root/canary/config.lua).
[Sat, 23 Dec 2023 21:37:55 -0600] [load_config_file] Fatal error: Cannot load config.lua (/root/canary/config.lua).
[Sat, 23 Dec 2023 21:37:55 -0600] [load_config_file] Fatal error: Cannot load config.lua (/root/canary/config.lua).
[Sat, 23 Dec 2023 21:37:55 -0600] [load_config_file] Fatal error: Cannot load config.lua (/root/canary/config.lua).
[Sat, 23 Dec 2023 21:37:55 -0600] [load_config_file] Fatal error: Cannot load config.lua (/root/canary/config.lua).
[Sat, 23 Dec 2023 21:37:57 -0600] [load_config_file] Fatal error: Cannot load config.lua (/root/canary/config.lua).
[Sat, 23 Dec 2023 21:37:57 -0600] [load_config_file] Fatal error: Cannot load config.lua (/root/canary/config.lua).
[Sat, 23 Dec 2023 21:37:57 -0600] [load_config_file] Fatal error: Cannot load config.lua (/root/canary/config.lua).
[Sat, 23 Dec 2023 21:38:16 -0600] [load_config_file] Fatal error: Cannot load config.lua (/root/canary/config.lua).
[Sat, 23 Dec 2023 21:38:16 -0600] [load_config_file] Fatal error: Cannot load config.lua (/root/canary/config.lua).
[Sat, 23 Dec 2023 21:38:16 -0600] [load_config_file] Fatal error: Cannot load config.lua (/root/canary/config.lua).
[Sat, 23 Dec 2023 21:38:29 -0600] [load_config_file] Fatal error: Cannot load config.lua (/root/canary/config.lua).
[Sat, 23 Dec 2023 21:38:29 -0600] [load_config_file] Fatal error: Cannot load config.lua (/root/canary/config.lua).
[Sat, 23 Dec 2023 21:38:29 -0600] [load_config_file] Fatal error: Cannot load config.lua (/root/canary/config.lua).
[Sat, 23 Dec 2023 21:38:41 -0600] [load_config_file] Fatal error: Cannot load config.lua (/root/canary/config.lua).
[Sat, 23 Dec 2023 21:38:43 -0600] [load_config_file] Fatal error: Cannot load config.lua (/root/canary/config.lua).
[Sat, 23 Dec 2023 21:38:43 -0600] [load_config_file] Fatal error: Cannot load config.lua (/root/canary/config.lua).
[Sat, 23 Dec 2023 21:38:43 -0600] [load_config_file] Fatal error: Cannot load config.lua (/root/canary/config.lua).
[Sat, 23 Dec 2023 21:38:59 -0600] [load_config_file] Fatal error: Cannot load config.lua (/root/canary/config.lua).
[Sat, 23 Dec 2023 21:38:59 -0600] [load_config_file] Fatal error: Cannot load config.lua (/root/canary/config.lua).
[Sat, 23 Dec 2023 21:38:59 -0600] [load_config_file] Fatal error: Cannot load config.lua (/root/canary/config.lua).
[Sat, 23 Dec 2023 21:39:09 -0600] [load_config_file] Fatal error: Cannot load config.lua (/root/canary/config.lua).
[Sat, 23 Dec 2023 21:39:16 -0600] [load_config_file] Fatal error: Cannot load config.lua (/root/canary/config.lua).
[Sat, 23 Dec 2023 21:39:16 -0600] [load_config_file] Fatal error: Cannot load config.lua (/root/canary/config.lua).
[Sat, 23 Dec 2023 21:39:16 -0600] [load_config_file] Fatal error: Cannot load config.lua (/root/canary/config.lua).
[Sat, 23 Dec 2023 21:39:32 -0600] [load_config_file] Fatal error: Cannot load config.lua (/root/canary/config.lua).
[Sat, 23 Dec 2023 21:39:32 -0600] [load_config_file] Fatal error: Cannot load config.lua (/root/canary/config.lua).
[Sat, 23 Dec 2023 21:39:32 -0600] [load_config_file] Fatal error: Cannot load config.lua (/root/canary/config.lua).
[Sat, 23 Dec 2023 21:39:32 -0600] [load_config_file] Fatal error: Cannot load config.lua (/root/canary/config.lua).
[Sat, 23 Dec 2023 21:39:33 -0600] [load_config_file] Fatal error: Cannot load config.lua (/root/canary/config.lua).
[Sat, 23 Dec 2023 21:39:33 -0600] [load_config_file] Fatal error: Cannot load config.lua (/root/canary/config.lua).
[Sat, 23 Dec 2023 21:39:33 -0600] [load_config_file] Fatal error: Cannot load config.lua (/root/canary/config.lua).
[Sat, 23 Dec 2023 21:39:34 -0600] [load_config_file] Fatal error: Cannot load config.lua (/root/canary/config.lua).
[Sat, 23 Dec 2023 21:39:36 -0600] [load_config_file] Fatal error: Cannot load config.lua (/root/canary/config.lua).
[Sat, 23 Dec 2023 21:39:36 -0600] [load_config_file] Fatal error: Cannot load config.lua (/root/canary/config.lua).
[Sat, 23 Dec 2023 21:39:36 -0600] [load_config_file] Fatal error: Cannot load config.lua (/root/canary/config.lua).
[Sat, 23 Dec 2023 21:39:36 -0600] [load_config_file] Fatal error: Cannot load config.lua (/root/canary/config.lua).
[Sat, 23 Dec 2023 21:39:51 -0600] [load_config_file] Fatal error: Cannot load config.lua (/root/canary/config.lua).
[Sat, 23 Dec 2023 21:39:51 -0600] [load_config_file] Fatal error: Cannot load config.lua (/root/canary/config.lua).
[Sat, 23 Dec 2023 21:39:51 -0600] [load_config_file] Fatal error: Cannot load config.lua (/root/canary/config.lua).
[Sat, 23 Dec 2023 21:39:59 -0600] [load_config_file] Fatal error: Cannot load config.lua (/root/canary/config.lua).
[Sat, 23 Dec 2023 21:40:08 -0600] [load_config_file] Fatal error: Cannot load config.lua (/root/canary/config.lua).
[Sat, 23 Dec 2023 21:40:08 -0600] [load_config_file] Fatal error: Cannot load config.lua (/root/canary/config.lua).
[Sat, 23 Dec 2023 21:40:08 -0600] [load_config_file] Fatal error: Cannot load config.lua (/root/canary/config.lua).
[Sat, 23 Dec 2023 21:40:08 -0600] [load_config_file] Fatal error: Cannot load config.lua (/root/canary/config.lua).
[Sat, 23 Dec 2023 21:40:08 -0600] [load_config_file] Fatal error: Cannot load config.lua (/root/canary/config.lua).
[Sat, 23 Dec 2023 21:40:08 -0600] [load_config_file] Fatal error: Cannot load config.lua (/root/canary/config.lua).
[Sat, 23 Dec 2023 21:40:28 -0600] [load_config_file] Fatal error: Cannot load config.lua (/root/canary/config.lua).
[Sat, 23 Dec 2023 21:41:04 -0600] [load_config_file] Fatal error: Cannot load config.lua (/root/canary/config.lua).
[Sat, 23 Dec 2023 21:41:04 -0600] [load_config_file] Fatal error: Cannot load config.lua (/root/canary/config.lua).
[Sat, 23 Dec 2023 21:41:04 -0600] [load_config_file] Fatal error: Cannot load config.lua (/root/canary/config.lua).
[Sat, 23 Dec 2023 21:41:11 -0600] [load_config_file] Fatal error: Cannot load config.lua (/root/canary/config.lua).
[Sat, 23 Dec 2023 21:41:14 -0600] [load_config_file] Fatal error: Cannot load config.lua (/root/canary/config.lua).
[Sat, 23 Dec 2023 21:42:30 -0600] [load_config_file] Fatal error: Cannot load config.lua (/root/canary/config.lua).
[Sat, 23 Dec 2023 21:42:43 -0600] [load_config_file] Fatal error: Cannot load config.lua (/root/canary/config.lua).
[Sat, 23 Dec 2023 21:43:05 -0600] [load_config_file] Fatal error: Cannot load config.lua (/root/canary/config.lua).
[Sat, 23 Dec 2023 21:43:22 -0600] [load_config_file] Fatal error: Cannot load config.lua (/root/canary/config.lua).
[Sat, 23 Dec 2023 21:43:22 -0600] [load_config_file] Fatal error: Cannot load config.lua (/root/canary/config.lua).
[Sat, 23 Dec 2023 21:43:23 -0600] [load_config_file] Fatal error: Cannot load config.lua (/root/canary/config.lua).
[Sat, 23 Dec 2023 21:43:35 -0600] [load_config_file] Fatal error: Cannot load config.lua (/root/canary/config.lua).
[Sat, 23 Dec 2023 21:43:35 -0600] [load_config_file] Fatal error: Cannot load config.lua (/root/canary/config.lua).
[Sat, 23 Dec 2023 21:43:35 -0600] [load_config_file] Fatal error: Cannot load config.lua (/root/canary/config.lua).
[Sat, 23 Dec 2023 21:43:47 -0600] [load_config_file] Fatal error: Cannot load config.lua (/root/canary/config.lua).
[Sat, 23 Dec 2023 21:43:47 -0600] [load_config_file] Fatal error: Cannot load config.lua (/root/canary/config.lua).
[Sat, 23 Dec 2023 21:43:47 -0600] [load_config_file] Fatal error: Cannot load config.lua (/root/canary/config.lua).
[Sat, 23 Dec 2023 21:43:52 -0600] [load_config_file] Fatal error: Cannot load config.lua (/root/canary/config.lua).
[Sat, 23 Dec 2023 21:43:52 -0600] [load_config_file] Fatal error: Cannot load config.lua (/root/canary/config.lua).
[Sat, 23 Dec 2023 21:43:52 -0600] [load_config_file] Fatal error: Cannot load config.lua (/root/canary/config.lua).
[Sat, 23 Dec 2023 21:44:00 -0600] [load_config_file] Fatal error: Cannot load config.lua (/root/canary/config.lua).
[Sat, 23 Dec 2023 21:44:00 -0600] [load_config_file] Fatal error: Cannot load config.lua (/root/canary/config.lua).
[Sat, 23 Dec 2023 21:44:00 -0600] [load_config_file] Fatal error: Cannot load config.lua (/root/canary/config.lua).
[Sat, 23 Dec 2023 21:44:04 -0600] [load_config_file] Fatal error: Cannot load config.lua (/root/canary/config.lua).
[Sat, 23 Dec 2023 21:44:04 -0600] [load_config_file] Fatal error: Cannot load config.lua (/root/canary/config.lua).
[Sat, 23 Dec 2023 21:44:04 -0600] [load_config_file] Fatal error: Cannot load config.lua (/root/canary/config.lua).
[Sat, 23 Dec 2023 21:44:04 -0600] [load_config_file] Fatal error: Cannot load config.lua (/root/canary/config.lua).
[Sat, 23 Dec 2023 21:44:05 -0600] [load_config_file] Fatal error: Cannot load config.lua (/root/canary/config.lua).
[Sat, 23 Dec 2023 21:44:15 -0600] [load_config_file] Fatal error: Cannot load config.lua (/root/canary/config.lua).
[Sat, 23 Dec 2023 21:44:15 -0600] [load_config_file] Fatal error: Cannot load config.lua (/root/canary/config.lua).
[Sat, 23 Dec 2023 21:44:15 -0600] [load_config_file] Fatal error: Cannot load config.lua (/root/canary/config.lua).
[Sat, 23 Dec 2023 21:44:21 -0600] [load_config_file] Fatal error: Cannot load config.lua (/root/canary/config.lua).
[Sat, 23 Dec 2023 21:44:21 -0600] [load_config_file] Fatal error: Cannot load config.lua (/root/canary/config.lua).
[Sat, 23 Dec 2023 21:44:21 -0600] [load_config_file] Fatal error: Cannot load config.lua (/root/canary/config.lua).
[Sat, 23 Dec 2023 21:44:24 -0600] [load_config_file] Fatal error: Cannot load config.lua (/root/canary/config.lua).
[Sat, 23 Dec 2023 21:44:26 -0600] [load_config_file] Fatal error: Cannot load config.lua (/root/canary/config.lua).
[Sat, 23 Dec 2023 21:44:26 -0600] [load_config_file] Fatal error: Cannot load config.lua (/root/canary/config.lua).
[Sat, 23 Dec 2023 21:44:26 -0600] [load_config_file] Fatal error: Cannot load config.lua (/root/canary/config.lua).
[Sat, 23 Dec 2023 21:44:35 -0600] [load_config_file] Fatal error: Cannot load config.lua (/root/canary/config.lua).
[Sat, 23 Dec 2023 21:44:38 -0600] [load_config_file] Fatal error: Cannot load config.lua (/root/canary/config.lua).
[Sat, 23 Dec 2023 21:44:38 -0600] [load_config_file] Fatal error: Cannot load config.lua (/root/canary/config.lua).
[Sat, 23 Dec 2023 21:44:38 -0600] [load_config_file] Fatal error: Cannot load config.lua (/root/canary/config.lua).
[Sat, 23 Dec 2023 21:44:38 -0600] [load_config_file] Fatal error: Cannot load config.lua (/root/canary/config.lua).
[Sat, 23 Dec 2023 21:44:38 -0600] [load_config_file] Fatal error: Cannot load config.lua (/root/canary/config.lua).
[Sat, 23 Dec 2023 21:44:38 -0600] [load_config_file] Fatal error: Cannot load config.lua (/root/canary/config.lua).
[Sat, 23 Dec 2023 21:44:51 -0600] [load_config_file] Fatal error: Cannot load config.lua (/root/canary/config.lua).
[Sat, 23 Dec 2023 21:44:51 -0600] [load_config_file] Fatal error: Cannot load config.lua (/root/canary/config.lua).
[Sat, 23 Dec 2023 21:44:51 -0600] [load_config_file] Fatal error: Cannot load config.lua (/root/canary/config.lua).
[Sat, 23 Dec 2023 21:44:56 -0600] [load_config_file] Fatal error: Cannot load config.lua (/root/canary/config.lua).
[Sat, 23 Dec 2023 21:44:56 -0600] [load_config_file] Fatal error: Cannot load config.lua (/root/canary/config.lua).
[Sat, 23 Dec 2023 21:44:56 -0600] [load_config_file] Fatal error: Cannot load config.lua (/root/canary/config.lua).
[Sat, 23 Dec 2023 21:45:05 -0600] [load_config_file] Fatal error: Cannot load config.lua (/root/canary/config.lua).
[Sat, 23 Dec 2023 21:45:05 -0600] [load_config_file] Fatal error: Cannot load config.lua (/root/canary/config.lua).
[Sat, 23 Dec 2023 21:45:05 -0600] [load_config_file] Fatal error: Cannot load config.lua (/root/canary/config.lua).
[Sat, 23 Dec 2023 21:45:06 -0600] [load_config_file] Fatal error: Cannot load config.lua (/root/canary/config.lua).
[Sat, 23 Dec 2023 21:45:08 -0600] [load_config_file] Fatal error: Cannot load config.lua (/root/canary/config.lua).
[Sat, 23 Dec 2023 21:45:10 -0600] [load_config_file] Fatal error: Cannot load config.lua (/root/canary/config.lua).
[Sat, 23 Dec 2023 21:45:13 -0600] [load_config_file] Fatal error: Cannot load config.lua (/root/canary/config.lua).
[Sat, 23 Dec 2023 21:45:13 -0600] [load_config_file] Fatal error: Cannot load config.lua (/root/canary/config.lua).
[Sat, 23 Dec 2023 21:45:13 -0600] [load_config_file] Fatal error: Cannot load config.lua (/root/canary/config.lua).
[Sat, 23 Dec 2023 21:45:14 -0600] [load_config_file] Fatal error: Cannot load config.lua (/root/canary/config.lua).
[Sat, 23 Dec 2023 21:45:20 -0600] [load_config_file] Fatal error: Cannot load config.lua (/root/canary/config.lua).
[Sat, 23 Dec 2023 21:45:20 -0600] [load_config_file] Fatal error: Cannot load config.lua (/root/canary/config.lua).
[Sat, 23 Dec 2023 21:45:20 -0600] [load_config_file] Fatal error: Cannot load config.lua (/root/canary/config.lua).
[Sat, 23 Dec 2023 21:45:28 -0600] [load_config_file] Fatal error: Cannot load config.lua (/root/canary/config.lua).
[Sat, 23 Dec 2023 21:45:31 -0600] [load_config_file] Fatal error: Cannot load config.lua (/root/canary/config.lua).
[Sat, 23 Dec 2023 21:45:31 -0600] [load_config_file] Fatal error: Cannot load config.lua (/root/canary/config.lua).
[Sat, 23 Dec 2023 21:45:31 -0600] [load_config_file] Fatal error: Cannot load config.lua (/root/canary/config.lua).
[Sat, 23 Dec 2023 21:45:36 -0600] [load_config_file] Fatal error: Cannot load config.lua (/root/canary/config.lua).
[Sat, 23 Dec 2023 21:45:36 -0600] [load_config_file] Fatal error: Cannot load config.lua (/root/canary/config.lua).
[Sat, 23 Dec 2023 21:45:36 -0600] [load_config_file] Fatal error: Cannot load config.lua (/root/canary/config.lua).
[Sat, 23 Dec 2023 21:45:49 -0600] [load_config_file] Fatal error: Cannot load config.lua (/root/canary/config.lua).
[Sat, 23 Dec 2023 21:45:49 -0600] [load_config_file] Fatal error: Cannot load config.lua (/root/canary/config.lua).
[Sat, 23 Dec 2023 21:45:49 -0600] [load_config_file] Fatal error: Cannot load config.lua (/root/canary/config.lua).
[Sat, 23 Dec 2023 21:45:49 -0600] [load_config_file] Fatal error: Cannot load config.lua (/root/canary/config.lua).
[Sat, 23 Dec 2023 21:45:49 -0600] [load_config_file] Fatal error: Cannot load config.lua (/root/canary/config.lua).
[Sat, 23 Dec 2023 21:45:49 -0600] [load_config_file] Fatal error: Cannot load config.lua (/root/canary/config.lua).
[Sat, 23 Dec 2023 21:45:51 -0600] [load_config_file] Fatal error: Cannot load config.lua (/root/canary/config.lua).
[Sat, 23 Dec 2023 21:45:51 -0600] [load_config_file] Fatal error: Cannot load config.lua (/root/canary/config.lua).
[Sat, 23 Dec 2023 21:45:51 -0600] [load_config_file] Fatal error: Cannot load config.lua (/root/canary/config.lua).
[Sat, 23 Dec 2023 21:46:07 -0600] [load_config_file] Fatal error: Cannot load config.lua (/root/canary/config.lua).
[Sat, 23 Dec 2023 21:46:07 -0600] [load_config_file] Fatal error: Cannot load config.lua (/root/canary/config.lua).
[Sat, 23 Dec 2023 21:46:07 -0600] [load_config_file] Fatal error: Cannot load config.lua (/root/canary/config.lua).
[Sat, 23 Dec 2023 21:46:07 -0600] [load_config_file] Fatal error: Cannot load config.lua (/root/canary/config.lua).
[Sat, 23 Dec 2023 21:46:07 -0600] [load_config_file] Fatal error: Cannot load config.lua (/root/canary/config.lua).
[Sat, 23 Dec 2023 21:46:07 -0600] [load_config_file] Fatal error: Cannot load config.lua (/root/canary/config.lua).
[Sat, 23 Dec 2023 21:46:47 -0600] [load_config_file] Fatal error: Cannot load config.lua (/root/canary/config.lua).
[Sat, 23 Dec 2023 21:46:56 -0600] [load_config_file] Fatal error: Cannot load config.lua (/root/canary/config.lua).
[Sat, 23 Dec 2023 21:46:56 -0600] [load_config_file] Fatal error: Cannot load config.lua (/root/canary/config.lua).
[Sat, 23 Dec 2023 21:46:56 -0600] [load_config_file] Fatal error: Cannot load config.lua (/root/canary/config.lua).
[Sat, 23 Dec 2023 21:47:01 -0600] [load_config_file] Fatal error: Cannot load config.lua (/root/canary/config.lua).
[Sat, 23 Dec 2023 21:47:02 -0600] [load_config_file] Fatal error: Cannot load config.lua (/root/canary/config.lua).
[Sat, 23 Dec 2023 21:47:37 -0600] [load_config_file] Fatal error: Cannot load config.lua (/root/canary/config.lua).
[Sat, 23 Dec 2023 21:47:56 -0600] [load_config_file] Fatal error: Cannot load config.lua (/root/canary/config.lua).
[Sat, 23 Dec 2023 21:48:27 -0600] [load_config_file] Fatal error: Cannot load config.lua (/root/canary/config.lua).
[Sat, 23 Dec 2023 21:48:27 -0600] [load_config_file] Fatal error: Cannot load config.lua (/root/canary/config.lua).
[Sat, 23 Dec 2023 21:48:27 -0600] [load_config_file] Fatal error: Cannot load config.lua (/root/canary/config.lua).
[Sat, 23 Dec 2023 21:48:40 -0600] [load_config_file] Fatal error: Cannot load config.lua (/root/canary/config.lua).
[Sat, 23 Dec 2023 21:48:40 -0600] [load_config_file] Fatal error: Cannot load config.lua (/root/canary/config.lua).
[Sat, 23 Dec 2023 21:48:40 -0600] [load_config_file] Fatal error: Cannot load config.lua (/root/canary/config.lua).
[Sat, 23 Dec 2023 21:48:50 -0600] [load_config_file] Fatal error: Cannot load config.lua (/root/canary/config.lua).
[Sat, 23 Dec 2023 21:48:50 -0600] [load_config_file] Fatal error: Cannot load config.lua (/root/canary/config.lua).
[Sat, 23 Dec 2023 21:48:50 -0600] [load_config_file] Fatal error: Cannot load config.lua (/root/canary/config.lua).
[Sat, 23 Dec 2023 21:48:52 -0600] [load_config_file] Fatal error: Cannot load config.lua (/root/canary/config.lua).
[Sat, 23 Dec 2023 21:48:52 -0600] [load_config_file] Fatal error: Cannot load config.lua (/root/canary/config.lua).
[Sat, 23 Dec 2023 21:48:52 -0600] [load_config_file] Fatal error: Cannot load config.lua (/root/canary/config.lua).
[Sat, 23 Dec 2023 21:49:00 -0600] [load_config_file] Fatal error: Cannot load config.lua (/root/canary/config.lua).
[Sat, 23 Dec 2023 21:49:00 -0600] [load_config_file] Fatal error: Cannot load config.lua (/root/canary/config.lua).
[Sat, 23 Dec 2023 21:49:00 -0600] [load_config_file] Fatal error: Cannot load config.lua (/root/canary/config.lua).
[Sat, 23 Dec 2023 21:49:04 -0600] [load_config_file] Fatal error: Cannot load config.lua (/root/canary/config.lua).
[Sat, 23 Dec 2023 21:49:04 -0600] [load_config_file] Fatal error: Cannot load config.lua (/root/canary/config.lua).
[Sat, 23 Dec 2023 21:49:04 -0600] [load_config_file] Fatal error: Cannot load config.lua (/root/canary/config.lua).
[Sat, 23 Dec 2023 21:49:11 -0600] [load_config_file] Fatal error: Cannot load config.lua (/root/canary/config.lua).
[Sat, 23 Dec 2023 21:49:11 -0600] [load_config_file] Fatal error: Cannot load config.lua (/root/canary/config.lua).
[Sat, 23 Dec 2023 21:49:11 -0600] [load_config_file] Fatal error: Cannot load config.lua (/root/canary/config.lua).
[Sat, 23 Dec 2023 21:49:18 -0600] [load_config_file] Fatal error: Cannot load config.lua (/root/canary/config.lua).
[Sat, 23 Dec 2023 21:49:18 -0600] [load_config_file] Fatal error: Cannot load config.lua (/root/canary/config.lua).
[Sat, 23 Dec 2023 21:49:18 -0600] [load_config_file] Fatal error: Cannot load config.lua (/root/canary/config.lua).
[Sat, 23 Dec 2023 21:49:22 -0600] [load_config_file] Fatal error: Cannot load config.lua (/root/canary/config.lua).
[Sat, 23 Dec 2023 21:49:22 -0600] [load_config_file] Fatal error: Cannot load config.lua (/root/canary/config.lua).
[Sat, 23 Dec 2023 21:49:22 -0600] [load_config_file] Fatal error: Cannot load config.lua (/root/canary/config.lua).
[Sat, 23 Dec 2023 21:49:25 -0600] [load_config_file] Fatal error: Cannot load config.lua (/root/canary/config.lua).
[Sat, 23 Dec 2023 21:49:32 -0600] [load_config_file] Fatal error: Cannot load config.lua (/root/canary/config.lua).
[Sat, 23 Dec 2023 21:49:32 -0600] [load_config_file] Fatal error: Cannot load config.lua (/root/canary/config.lua).
[Sat, 23 Dec 2023 21:49:32 -0600] [load_config_file] Fatal error: Cannot load config.lua (/root/canary/config.lua).
[Sat, 23 Dec 2023 21:49:32 -0600] [load_config_file] Fatal error: Cannot load config.lua (/root/canary/config.lua).
[Sat, 23 Dec 2023 21:49:34 -0600] [load_config_file] Fatal error: Cannot load config.lua (/root/canary/config.lua).
[Sat, 23 Dec 2023 21:49:34 -0600] [load_config_file] Fatal error: Cannot load config.lua (/root/canary/config.lua).
[Sat, 23 Dec 2023 21:49:34 -0600] [load_config_file] Fatal error: Cannot load config.lua (/root/canary/config.lua).
[Sat, 23 Dec 2023 21:49:34 -0600] [load_config_file] Fatal error: Cannot load config.lua (/root/canary/config.lua).
[Sat, 23 Dec 2023 21:49:34 -0600] [load_config_file] Fatal error: Cannot load config.lua (/root/canary/config.lua).
[Sat, 23 Dec 2023 21:49:35 -0600] [load_config_file] Fatal error: Cannot load config.lua (/root/canary/config.lua).
[Sat, 23 Dec 2023 21:49:35 -0600] [load_config_file] Fatal error: Cannot load config.lua (/root/canary/config.lua).
[Sat, 23 Dec 2023 21:49:39 -0600] [load_config_file] Fatal error: Cannot load config.lua (/root/canary/config.lua).
[Sat, 23 Dec 2023 21:49:39 -0600] [load_config_file] Fatal error: Cannot load config.lua (/root/canary/config.lua).
[Sat, 23 Dec 2023 21:49:39 -0600] [load_config_file] Fatal error: Cannot load config.lua (/root/canary/config.lua).
[Sat, 23 Dec 2023 21:49:48 -0600] [load_config_file] Fatal error: Cannot load config.lua (/root/canary/config.lua).
[Sat, 23 Dec 2023 21:49:48 -0600] [load_config_file] Fatal error: Cannot load config.lua (/root/canary/config.lua).
[Sat, 23 Dec 2023 21:49:48 -0600] [load_config_file] Fatal error: Cannot load config.lua (/root/canary/config.lua).
[Sat, 23 Dec 2023 21:49:56 -0600] [load_config_file] Fatal error: Cannot load config.lua (/root/canary/config.lua).
[Sat, 23 Dec 2023 21:49:56 -0600] [load_config_file] Fatal error: Cannot load config.lua (/root/canary/config.lua).
[Sat, 23 Dec 2023 21:49:56 -0600] [load_config_file] Fatal error: Cannot load config.lua (/root/canary/config.lua).
[Sat, 23 Dec 2023 21:50:04 -0600] [load_config_file] Fatal error: Cannot load config.lua (/root/canary/config.lua).
[Sat, 23 Dec 2023 21:50:04 -0600] [load_config_file] Fatal error: Cannot load config.lua (/root/canary/config.lua).
[Sat, 23 Dec 2023 21:50:04 -0600] [load_config_file] Fatal error: Cannot load config.lua (/root/canary/config.lua).
[Sat, 23 Dec 2023 21:50:05 -0600] [load_config_file] Fatal error: Cannot load config.lua (/root/canary/config.lua).
[Sat, 23 Dec 2023 21:50:14 -0600] [load_config_file] Fatal error: Cannot load config.lua (/root/canary/config.lua).
[Sat, 23 Dec 2023 21:50:14 -0600] [load_config_file] Fatal error: Cannot load config.lua (/root/canary/config.lua).
[Sat, 23 Dec 2023 21:50:14 -0600] [load_config_file] Fatal error: Cannot load config.lua (/root/canary/config.lua).
[Sat, 23 Dec 2023 21:50:14 -0600] [load_config_file] Fatal error: Cannot load config.lua (/root/canary/config.lua).
[Sat, 23 Dec 2023 21:50:17 -0600] [load_config_file] Fatal error: Cannot load config.lua (/root/canary/config.lua).
[Sat, 23 Dec 2023 21:50:17 -0600] [load_config_file] Fatal error: Cannot load config.lua (/root/canary/config.lua).
[Sat, 23 Dec 2023 21:50:17 -0600] [load_config_file] Fatal error: Cannot load config.lua (/root/canary/config.lua).
[Sat, 23 Dec 2023 21:50:19 -0600] [load_config_file] Fatal error: Cannot load config.lua (/root/canary/config.lua).
[Sat, 23 Dec 2023 21:50:19 -0600] [load_config_file] Fatal error: Cannot load config.lua (/root/canary/config.lua).
[Sat, 23 Dec 2023 21:50:19 -0600] [load_config_file] Fatal error: Cannot load config.lua (/root/canary/config.lua).
[Sat, 23 Dec 2023 21:50:28 -0600] [load_config_file] Fatal error: Cannot load config.lua (/root/canary/config.lua).
[Sat, 23 Dec 2023 21:50:29 -0600] [load_config_file] Fatal error: Cannot load config.lua (/root/canary/config.lua).
[Sat, 23 Dec 2023 21:50:29 -0600] [load_config_file] Fatal error: Cannot load config.lua (/root/canary/config.lua).
[Sat, 23 Dec 2023 21:50:29 -0600] [load_config_file] Fatal error: Cannot load config.lua (/root/canary/config.lua).
[Sat, 23 Dec 2023 21:50:31 -0600] [load_config_file] Fatal error: Cannot load config.lua (/root/canary/config.lua).
[Sat, 23 Dec 2023 21:50:31 -0600] [load_config_file] Fatal error: Cannot load config.lua (/root/canary/config.lua).
[Sat, 23 Dec 2023 21:50:31 -0600] [load_config_file] Fatal error: Cannot load config.lua (/root/canary/config.lua).
[Sat, 23 Dec 2023 21:50:34 -0600] [load_config_file] Fatal error: Cannot load config.lua (/root/canary/config.lua).
[Sat, 23 Dec 2023 21:50:34 -0600] [load_config_file] Fatal error: Cannot load config.lua (/root/canary/config.lua).
[Sat, 23 Dec 2023 21:50:34 -0600] [load_config_file] Fatal error: Cannot load config.lua (/root/canary/config.lua).
[Sat, 23 Dec 2023 21:50:42 -0600] [load_config_file] Fatal error: Cannot load config.lua (/root/canary/config.lua).
[Sat, 23 Dec 2023 21:50:42 -0600] [load_config_file] Fatal error: Cannot load config.lua (/root/canary/config.lua).
[Sat, 23 Dec 2023 21:50:42 -0600] [load_config_file] Fatal error: Cannot load config.lua (/root/canary/config.lua).
[Sat, 23 Dec 2023 21:50:46 -0600] [load_config_file] Fatal error: Cannot load config.lua (/root/canary/config.lua).
[Sat, 23 Dec 2023 21:50:46 -0600] [load_config_file] Fatal error: Cannot load config.lua (/root/canary/config.lua).
[Sat, 23 Dec 2023 21:50:46 -0600] [load_config_file] Fatal error: Cannot load config.lua (/root/canary/config.lua).
[Sat, 23 Dec 2023 21:50:48 -0600] [load_config_file] Fatal error: Cannot load config.lua (/root/canary/config.lua).
[Sat, 23 Dec 2023 21:50:48 -0600] [load_config_file] Fatal error: Cannot load config.lua (/root/canary/config.lua).
[Sat, 23 Dec 2023 21:50:48 -0600] [load_config_file] Fatal error: Cannot load config.lua (/root/canary/config.lua).
[Sat, 23 Dec 2023 21:50:49 -0600] [load_config_file] Fatal error: Cannot load config.lua (/root/canary/config.lua).
[Sat, 23 Dec 2023 21:50:49 -0600] [load_config_file] Fatal error: Cannot load config.lua (/root/canary/config.lua).
[Sat, 23 Dec 2023 21:50:49 -0600] [load_config_file] Fatal error: Cannot load config.lua (/root/canary/config.lua).
[Sat, 23 Dec 2023 21:50:50 -0600] [load_config_file] Fatal error: Cannot load config.lua (/root/canary/config.lua).
[Sat, 23 Dec 2023 21:50:50 -0600] [load_config_file] Fatal error: Cannot load config.lua (/root/canary/config.lua).
[Sat, 23 Dec 2023 21:50:50 -0600] [load_config_file] Fatal error: Cannot load config.lua (/root/canary/config.lua).
[Sat, 23 Dec 2023 21:50:50 -0600] [load_config_file] Fatal error: Cannot load config.lua (/root/canary/config.lua).
[Sat, 23 Dec 2023 21:50:50 -0600] [load_config_file] Fatal error: Cannot load config.lua (/root/canary/config.lua).
[Sat, 23 Dec 2023 21:50:50 -0600] [load_config_file] Fatal error: Cannot load config.lua (/root/canary/config.lua).
[Sat, 23 Dec 2023 21:50:54 -0600] [load_config_file] Fatal error: Cannot load config.lua (/root/canary/config.lua).
[Sat, 23 Dec 2023 21:50:54 -0600] [load_config_file] Fatal error: Cannot load config.lua (/root/canary/config.lua).
[Sat, 23 Dec 2023 21:50:54 -0600] [load_config_file] Fatal error: Cannot load config.lua (/root/canary/config.lua).
[Sat, 23 Dec 2023 21:50:54 -0600] [load_config_file] Fatal error: Cannot load config.lua (/root/canary/config.lua).
[Sat, 23 Dec 2023 21:50:55 -0600] [load_config_file] Fatal error: Cannot load config.lua (/root/canary/config.lua).
[Sat, 23 Dec 2023 21:50:55 -0600] [load_config_file] Fatal error: Cannot load config.lua (/root/canary/config.lua).
[Sat, 23 Dec 2023 21:50:57 -0600] [load_config_file] Fatal error: Cannot load config.lua (/root/canary/config.lua).
[Sat, 23 Dec 2023 21:51:02 -0600] [load_config_file] Fatal error: Cannot load config.lua (/root/canary/config.lua).
[Sat, 23 Dec 2023 21:51:04 -0600] [load_config_file] Fatal error: Cannot load config.lua (/root/canary/config.lua).
[Sat, 23 Dec 2023 21:51:04 -0600] [load_config_file] Fatal error: Cannot load config.lua (/root/canary/config.lua).
[Sat, 23 Dec 2023 21:51:04 -0600] [load_config_file] Fatal error: Cannot load config.lua (/root/canary/config.lua).
[Sat, 23 Dec 2023 21:51:05 -0600] [load_config_file] Fatal error: Cannot load config.lua (/root/canary/config.lua).
[Sat, 23 Dec 2023 21:51:07 -0600] [load_config_file] Fatal error: Cannot load config.lua (/root/canary/config.lua).
[Sat, 23 Dec 2023 21:51:10 -0600] [load_config_file] Fatal error: Cannot load config.lua (/root/canary/config.lua).
[Sat, 23 Dec 2023 21:51:10 -0600] [load_config_file] Fatal error: Cannot load config.lua (/root/canary/config.lua).
[Sat, 23 Dec 2023 21:51:10 -0600] [load_config_file] Fatal error: Cannot load config.lua (/root/canary/config.lua).
[Sat, 23 Dec 2023 21:51:11 -0600] [load_config_file] Fatal error: Cannot load config.lua (/root/canary/config.lua).
[Sat, 23 Dec 2023 21:51:12 -0600] [load_config_file] Fatal error: Cannot load config.lua (/root/canary/config.lua).
[Sat, 23 Dec 2023 21:51:13 -0600] [load_config_file] Fatal error: Cannot load config.lua (/root/canary/config.lua).
[Sat, 23 Dec 2023 21:51:13 -0600] [load_config_file] Fatal error: Cannot load config.lua (/root/canary/config.lua).
[Sat, 23 Dec 2023 21:51:24 -0600] [load_config_file] Fatal error: Cannot load config.lua (/root/canary/config.lua).
[Sat, 23 Dec 2023 21:51:24 -0600] [load_config_file] Fatal error: Cannot load config.lua (/root/canary/config.lua).
[Sat, 23 Dec 2023 21:51:24 -0600] [load_config_file] Fatal error: Cannot load config.lua (/root/canary/config.lua).
[Sat, 23 Dec 2023 21:51:38 -0600] [load_config_file] Fatal error: Cannot load config.lua (/root/canary/config.lua).
[Sat, 23 Dec 2023 21:51:38 -0600] [load_config_file] Fatal error: Cannot load config.lua (/root/canary/config.lua).
[Sat, 23 Dec 2023 21:51:38 -0600] [load_config_file] Fatal error: Cannot load config.lua (/root/canary/config.lua).
[Sat, 23 Dec 2023 21:51:53 -0600] [load_config_file] Fatal error: Cannot load config.lua (/root/canary/config.lua).
[Sat, 23 Dec 2023 21:51:53 -0600] [load_config_file] Fatal error: Cannot load config.lua (/root/canary/config.lua).
[Sat, 23 Dec 2023 21:51:53 -0600] [load_config_file] Fatal error: Cannot load config.lua (/root/canary/config.lua).
[Sat, 23 Dec 2023 21:51:54 -0600] [load_config_file] Fatal error: Cannot load config.lua (/root/canary/config.lua).
[Sat, 23 Dec 2023 21:52:10 -0600] [load_config_file] Fatal error: Cannot load config.lua (/root/canary/config.lua).
[Sat, 23 Dec 2023 21:52:10 -0600] [load_config_file] Fatal error: Cannot load config.lua (/root/canary/config.lua).
[Sat, 23 Dec 2023 21:52:10 -0600] [load_config_file] Fatal error: Cannot load config.lua (/root/canary/config.lua).
[Sat, 23 Dec 2023 21:52:29 -0600] [load_config_file] Fatal error: Cannot load config.lua (/root/canary/config.lua).
[Sat, 23 Dec 2023 21:52:29 -0600] [load_config_file] Fatal error: Cannot load config.lua (/root/canary/config.lua).
[Sat, 23 Dec 2023 21:52:29 -0600] [load_config_file] Fatal error: Cannot load config.lua (/root/canary/config.lua).
[Sat, 23 Dec 2023 21:52:47 -0600] [load_config_file] Fatal error: Cannot load config.lua (/root/canary/config.lua).
[Sat, 23 Dec 2023 21:52:47 -0600] [load_config_file] Fatal error: Cannot load config.lua (/root/canary/config.lua).
[Sat, 23 Dec 2023 21:52:47 -0600] [load_config_file] Fatal error: Cannot load config.lua (/root/canary/config.lua).
[Sat, 23 Dec 2023 21:53:04 -0600] [load_config_file] Fatal error: Cannot load config.lua (/root/canary/config.lua).
[Sat, 23 Dec 2023 21:53:06 -0600] [load_config_file] Fatal error: Cannot load config.lua (/root/canary/config.lua).
[Sat, 23 Dec 2023 21:53:06 -0600] [load_config_file] Fatal error: Cannot load config.lua (/root/canary/config.lua).
[Sat, 23 Dec 2023 21:53:06 -0600] [load_config_file] Fatal error: Cannot load config.lua (/root/canary/config.lua).
[Sat, 23 Dec 2023 21:53:24 -0600] [load_config_file] Fatal error: Cannot load config.lua (/root/canary/config.lua).
[Sat, 23 Dec 2023 21:53:24 -0600] [load_config_file] Fatal error: Cannot load config.lua (/root/canary/config.lua).
[Sat, 23 Dec 2023 21:53:24 -0600] [load_config_file] Fatal error: Cannot load config.lua (/root/canary/config.lua).
[Sat, 23 Dec 2023 21:53:24 -0600] [load_config_file] Fatal error: Cannot load config.lua (/root/canary/config.lua).
[Sat, 23 Dec 2023 21:53:24 -0600] [load_config_file] Fatal error: Cannot load config.lua (/root/canary/config.lua).
[Sat, 23 Dec 2023 21:53:24 -0600] [load_config_file] Fatal error: Cannot load config.lua (/root/canary/config.lua).
[Sat, 23 Dec 2023 21:53:27 -0600] [load_config_file] Fatal error: Cannot load config.lua (/root/canary/config.lua).
[Sat, 23 Dec 2023 21:54:21 -0600] [load_config_file] Fatal error: Cannot load config.lua (/root/canary/config.lua).
[Sat, 23 Dec 2023 21:54:21 -0600] [load_config_file] Fatal error: Cannot load config.lua (/root/canary/config.lua).
[Sat, 23 Dec 2023 21:54:21 -0600] [load_config_file] Fatal error: Cannot load config.lua (/root/canary/config.lua).
[Sat, 23 Dec 2023 21:54:26 -0600] [load_config_file] Fatal error: Cannot load config.lua (/root/canary/config.lua).
[Sat, 23 Dec 2023 21:54:33 -0600] [load_config_file] Fatal error: Cannot load config.lua (/root/canary/config.lua).
[Sat, 23 Dec 2023 21:54:33 -0600] [load_config_file] Fatal error: Cannot load config.lua (/root/canary/config.lua).
[Sat, 23 Dec 2023 21:54:33 -0600] [load_config_file] Fatal error: Cannot load config.lua (/root/canary/config.lua).
[Sat, 23 Dec 2023 21:54:46 -0600] [load_config_file] Fatal error: Cannot load config.lua (/root/canary/config.lua).
[Sat, 23 Dec 2023 21:54:46 -0600] [load_config_file] Fatal error: Cannot load config.lua (/root/canary/config.lua).
[Sat, 23 Dec 2023 21:54:46 -0600] [load_config_file] Fatal error: Cannot load config.lua (/root/canary/config.lua).
[Sat, 23 Dec 2023 21:54:58 -0600] [load_config_file] Fatal error: Cannot load config.lua (/root/canary/config.lua).
[Sat, 23 Dec 2023 21:54:58 -0600] [load_config_file] Fatal error: Cannot load config.lua (/root/canary/config.lua).
[Sat, 23 Dec 2023 21:54:58 -0600] [load_config_file] Fatal error: Cannot load config.lua (/root/canary/config.lua).
[Sat, 23 Dec 2023 21:54:59 -0600] [load_config_file] Fatal error: Cannot load config.lua (/root/canary/config.lua).
[Sat, 23 Dec 2023 21:54:59 -0600] [load_config_file] Fatal error: Cannot load config.lua (/root/canary/config.lua).
[Sat, 23 Dec 2023 21:54:59 -0600] [load_config_file] Fatal error: Cannot load config.lua (/root/canary/config.lua).
[Sat, 23 Dec 2023 21:55:02 -0600] [load_config_file] Fatal error: Cannot load config.lua (/root/canary/config.lua).
[Sat, 23 Dec 2023 21:55:04 -0600] [load_config_file] Fatal error: Cannot load config.lua (/root/canary/config.lua).
[Sat, 23 Dec 2023 21:55:05 -0600] [load_config_file] Fatal error: Cannot load config.lua (/root/canary/config.lua).
[Sat, 23 Dec 2023 21:55:10 -0600] [load_config_file] Fatal error: Cannot load config.lua (/root/canary/config.lua).
[Sat, 23 Dec 2023 21:55:12 -0600] [load_config_file] Fatal error: Cannot load config.lua (/root/canary/config.lua).
[Sat, 23 Dec 2023 21:55:12 -0600] [load_config_file] Fatal error: Cannot load config.lua (/root/canary/config.lua).
[Sat, 23 Dec 2023 21:55:12 -0600] [load_config_file] Fatal error: Cannot load config.lua (/root/canary/config.lua).
[Sat, 23 Dec 2023 21:55:13 -0600] [load_config_file] Fatal error: Cannot load config.lua (/root/canary/config.lua).
[Sat, 23 Dec 2023 21:55:13 -0600] [load_config_file] Fatal error: Cannot load config.lua (/root/canary/config.lua).
[Sat, 23 Dec 2023 21:55:13 -0600] [load_config_file] Fatal error: Cannot load config.lua (/root/canary/config.lua).
[Sat, 23 Dec 2023 21:55:16 -0600] [load_config_file] Fatal error: Cannot load config.lua (/root/canary/config.lua).
[Sat, 23 Dec 2023 21:55:28 -0600] [load_config_file] Fatal error: Cannot load config.lua (/root/canary/config.lua).
[Sat, 23 Dec 2023 21:55:28 -0600] [load_config_file] Fatal error: Cannot load config.lua (/root/canary/config.lua).
[Sat, 23 Dec 2023 21:55:28 -0600] [load_config_file] Fatal error: Cannot load config.lua (/root/canary/config.lua).
[Sat, 23 Dec 2023 21:55:40 -0600] [load_config_file] Fatal error: Cannot load config.lua (/root/canary/config.lua).
[Sat, 23 Dec 2023 21:55:40 -0600] [load_config_file] Fatal error: Cannot load config.lua (/root/canary/config.lua).
[Sat, 23 Dec 2023 21:55:40 -0600] [load_config_file] Fatal error: Cannot load config.lua (/root/canary/config.lua).
[Sat, 23 Dec 2023 21:55:45 -0600] [load_config_file] Fatal error: Cannot load config.lua (/root/canary/config.lua).
[Sat, 23 Dec 2023 21:55:45 -0600] [load_config_file] Fatal error: Cannot load config.lua (/root/canary/config.lua).
[Sat, 23 Dec 2023 21:55:45 -0600] [load_config_file] Fatal error: Cannot load config.lua (/root/canary/config.lua).
[Sat, 23 Dec 2023 21:55:55 -0600] [load_config_file] Fatal error: Cannot load config.lua (/root/canary/config.lua).
[Sat, 23 Dec 2023 21:55:55 -0600] [load_config_file] Fatal error: Cannot load config.lua (/root/canary/config.lua).
[Sat, 23 Dec 2023 21:55:55 -0600] [load_config_file] Fatal error: Cannot load config.lua (/root/canary/config.lua).
[Sat, 23 Dec 2023 21:56:02 -0600] [load_config_file] Fatal error: Cannot load config.lua (/root/canary/config.lua).
[Sat, 23 Dec 2023 21:56:02 -0600] [load_config_file] Fatal error: Cannot load config.lua (/root/canary/config.lua).
[Sat, 23 Dec 2023 21:56:02 -0600] [load_config_file] Fatal error: Cannot load config.lua (/root/canary/config.lua).
[Sat, 23 Dec 2023 21:56:10 -0600] [load_config_file] Fatal error: Cannot load config.lua (/root/canary/config.lua).
[Sat, 23 Dec 2023 21:56:10 -0600] [load_config_file] Fatal error: Cannot load config.lua (/root/canary/config.lua).
[Sat, 23 Dec 2023 21:56:10 -0600] [load_config_file] Fatal error: Cannot load config.lua (/root/canary/config.lua).
[Sat, 23 Dec 2023 21:56:19 -0600] [load_config_file] Fatal error: Cannot load config.lua (/root/canary/config.lua).
[Sat, 23 Dec 2023 21:56:19 -0600] [load_config_file] Fatal error: Cannot load config.lua (/root/canary/config.lua).
[Sat, 23 Dec 2023 21:56:19 -0600] [load_config_file] Fatal error: Cannot load config.lua (/root/canary/config.lua).
[Sat, 23 Dec 2023 21:56:25 -0600] [load_config_file] Fatal error: Cannot load config.lua (/root/canary/config.lua).
[Sat, 23 Dec 2023 21:56:25 -0600] [load_config_file] Fatal error: Cannot load config.lua (/root/canary/config.lua).
[Sat, 23 Dec 2023 21:56:25 -0600] [load_config_file] Fatal error: Cannot load config.lua (/root/canary/config.lua).
[Sat, 23 Dec 2023 21:56:36 -0600] [load_config_file] Fatal error: Cannot load config.lua (/root/canary/config.lua).
[Sat, 23 Dec 2023 21:56:36 -0600] [load_config_file] Fatal error: Cannot load config.lua (/root/canary/config.lua).
[Sat, 23 Dec 2023 21:56:36 -0600] [load_config_file] Fatal error: Cannot load config.lua (/root/canary/config.lua).
[Sat, 23 Dec 2023 21:56:36 -0600] [load_config_file] Fatal error: Cannot load config.lua (/root/canary/config.lua).
[Sat, 23 Dec 2023 21:56:36 -0600] [load_config_file] Fatal error: Cannot load config.lua (/root/canary/config.lua).
[Sat, 23 Dec 2023 21:56:36 -0600] [load_config_file] Fatal error: Cannot load config.lua (/root/canary/config.lua).
[Sat, 23 Dec 2023 21:56:41 -0600] [load_config_file] Fatal error: Cannot load config.lua (/root/canary/config.lua).
[Sat, 23 Dec 2023 21:56:41 -0600] [load_config_file] Fatal error: Cannot load config.lua (/root/canary/config.lua).
[Sat, 23 Dec 2023 21:56:41 -0600] [load_config_file] Fatal error: Cannot load config.lua (/root/canary/config.lua).
[Sat, 23 Dec 2023 21:56:44 -0600] [load_config_file] Fatal error: Cannot load config.lua (/root/canary/config.lua).
[Sat, 23 Dec 2023 21:56:59 -0600] [load_config_file] Fatal error: Cannot load config.lua (/root/canary/config.lua).
[Sat, 23 Dec 2023 21:56:59 -0600] [load_config_file] Fatal error: Cannot load config.lua (/root/canary/config.lua).
[Sat, 23 Dec 2023 21:56:59 -0600] [load_config_file] Fatal error: Cannot load config.lua (/root/canary/config.lua).
[Sat, 23 Dec 2023 21:57:19 -0600] [load_config_file] Fatal error: Cannot load config.lua (/root/canary/config.lua).
[Sat, 23 Dec 2023 21:57:19 -0600] [load_config_file] Fatal error: Cannot load config.lua (/root/canary/config.lua).
[Sat, 23 Dec 2023 21:57:19 -0600] [load_config_file] Fatal error: Cannot load config.lua (/root/canary/config.lua).
[Sat, 23 Dec 2023 21:57:29 -0600] [load_config_file] Fatal error: Cannot load config.lua (/root/canary/config.lua).
[Sat, 23 Dec 2023 21:57:29 -0600] [load_config_file] Fatal error: Cannot load config.lua (/root/canary/config.lua).
[Sat, 23 Dec 2023 21:57:29 -0600] [load_config_file] Fatal error: Cannot load config.lua (/root/canary/config.lua).
[Sun, 19 Jan 2025 20:54:38 -0600] [loadStagesData] Fatal error: Cannot load stages.lua (/root/canary/data/stages.lua).
[Sun, 19 Jan 2025 20:55:12 -0600] [loadStagesData] Fatal error: Cannot load stages.lua (/root/canary/data/stages.lua).
[Sun, 19 Jan 2025 21:01:53 -0600] [load_config_file] Fatal error: Cannot load config.lua (/root/canary/config.lua).
[Sun, 19 Jan 2025 21:02:04 -0600] [load_config_file] Fatal error: Cannot load config.lua (/root/canary/config.lua).
[Sun, 19 Jan 2025 21:02:17 -0600] [load_config_file] Fatal error: Cannot load config.lua (/root/canary/config.lua).
[Sun, 19 Jan 2025 21:02:32 -0600] [load_config_file] Fatal error: Cannot load config.lua (/root/canary/config.lua).
[Sun, 19 Jan 2025 21:02:47 -0600] [load_config_file] Fatal error: Cannot load config.lua (/root/canary/config.lua).
[Sun, 19 Jan 2025 21:03:03 -0600] [load_config_file] Fatal error: Cannot load config.lua (/root/canary/config.lua).
[Sun, 19 Jan 2025 21:03:20 -0600] [load_config_file] Fatal error: Cannot load config.lua (/root/canary/config.lua).
[Sun, 19 Jan 2025 21:03:34 -0600] [load_config_file] Fatal error: Cannot load config.lua (/root/canary/config.lua).
[Sun, 19 Jan 2025 21:03:36 -0600] [load_config_file] Fatal error: Cannot load config.lua (/root/canary/config.lua).
[Sun, 19 Jan 2025 21:03:36 -0600] [load_config_file] Fatal error: Cannot load config.lua (/root/canary/config.lua).
[Sun, 19 Jan 2025 21:04:16 -0600] [load_config_file] Fatal error: Cannot load config.lua (/root/canary/config.lua).
[Sun, 19 Jan 2025 21:04:34 -0600] [load_config_file] Fatal error: Cannot load config.lua (/root/canary/config.lua).
[Sun, 19 Jan 2025 21:04:45 -0600] [load_config_file] Fatal error: Cannot load config.lua (/root/canary/config.lua).
[Sun, 19 Jan 2025 21:04:57 -0600] [load_config_file] Fatal error: Cannot load config.lua (/root/canary/config.lua).
[Sun, 19 Jan 2025 21:05:09 -0600] [load_config_file] Fatal error: Cannot load config.lua (/root/canary/config.lua).
[Sun, 19 Jan 2025 21:05:12 -0600] [load_config_file] Fatal error: Cannot load config.lua (/root/canary/config.lua).
[Sun, 19 Jan 2025 21:05:21 -0600] [load_config_file] Fatal error: Cannot load config.lua (/root/canary/config.lua).
[Sun, 19 Jan 2025 21:05:22 -0600] [load_config_file] Fatal error: Cannot load config.lua (/root/canary/config.lua).
[Sun, 19 Jan 2025 21:05:35 -0600] [load_config_file] Fatal error: Cannot load config.lua (/root/canary/config.lua).
[Sun, 19 Jan 2025 21:05:36 -0600] [load_config_file] Fatal error: Cannot load config.lua (/root/canary/config.lua).
[Sun, 19 Jan 2025 21:05:43 -0600] [load_config_file] Fatal error: Cannot load config.lua (/root/canary/config.lua).
[Sun, 19 Jan 2025 21:05:52 -0600] [load_config_file] Fatal error: Cannot load config.lua (/root/canary/config.lua).
[Sun, 19 Jan 2025 21:06:08 -0600] [load_config_file] Fatal error: Cannot load config.lua (/root/canary/config.lua).
[Sun, 19 Jan 2025 21:06:24 -0600] [load_config_file] Fatal error: Cannot load config.lua (/root/canary/config.lua).
[Sun, 19 Jan 2025 21:06:40 -0600] [load_config_file] Fatal error: Cannot load config.lua (/root/canary/config.lua).
[Sun, 19 Jan 2025 21:06:40 -0600] [load_config_file] Fatal error: Cannot load config.lua (/root/canary/config.lua).
[Sun, 19 Jan 2025 21:06:50 -0600] [load_config_file] Fatal error: Cannot load config.lua (/root/canary/config.lua).
[Sun, 19 Jan 2025 21:07:15 -0600] [load_config_file] Fatal error: Cannot load config.lua (/root/canary/config.lua).
[Sun, 19 Jan 2025 21:08:35 -0600] [load_config_file] Fatal error: Cannot load config.lua (/root/canary/config.lua).
[Sun, 19 Jan 2025 21:08:43 -0600] [load_config_file] Fatal error: Cannot load config.lua (/root/canary/config.lua).
[Sun, 19 Jan 2025 21:08:54 -0600] [load_config_file] Fatal error: Cannot load config.lua (/root/canary/config.lua).
[Sun, 19 Jan 2025 21:08:55 -0600] [load_config_file] Fatal error: Cannot load config.lua (/root/canary/config.lua).
[Sun, 19 Jan 2025 21:09:10 -0600] [load_config_file] Fatal error: Cannot load config.lua (/root/canary/config.lua).
[Sun, 19 Jan 2025 21:09:13 -0600] [load_config_file] Fatal error: Cannot load config.lua (/root/canary/config.lua).
[Sun, 19 Jan 2025 21:09:22 -0600] [load_config_file] Fatal error: Cannot load config.lua (/root/canary/config.lua).
[Sun, 19 Jan 2025 21:09:33 -0600] [load_config_file] Fatal error: Cannot load config.lua (/root/canary/config.lua).
[Sat, 13 Sep 2025 19:14:31 -0500] [loadStagesData] Fatal error: Cannot load stages.lua (/root/canary/data/stages.lua).
[Sat, 13 Sep 2025 19:14:33 -0500] [loadStagesData] Fatal error: Cannot load stages.lua (/root/canary/data/stages.lua).
